Artist_ID,Genre_ID
3TVXtAsR1Inumwj472S9r4,158
3TVXtAsR1Inumwj472S9r4,194
3TVXtAsR1Inumwj472S9r4,198
3TVXtAsR1Inumwj472S9r4,257
3TVXtAsR1Inumwj472S9r4,95
06HL4z0CvFAxyc27GXpf02,241
4q3ewBCX7sLwd24euuV69X,134
4q3ewBCX7sLwd24euuV69X,362
4q3ewBCX7sLwd24euuV69X,367
1Xyo4u8uXC1ZmMpatF05PJ,357
1Xyo4u8uXC1ZmMpatF05PJ,194
1Xyo4u8uXC1ZmMpatF05PJ,241
1uNFoZAHBGtllmzznpCI3s,194
1uNFoZAHBGtllmzznpCI3s,241
6eUKZXaKkcviH0Ku9w2n3V,241
6eUKZXaKkcviH0Ku9w2n3V,170
6eUKZXaKkcviH0Ku9w2n3V,278
7dGJo4pcD2V6oG8kP0tJRR,386
7dGJo4pcD2V6oG8kP0tJRR,198
7dGJo4pcD2V6oG8kP0tJRR,95
66CXWjxzNUsdJxJ2JdwvnR,241
0Y5tJX1MQlPlqiwlOH1tJY,95
0Y5tJX1MQlPlqiwlOH1tJY,323
5K4W6rqBFWDnAN6FQUkS6x,387
5K4W6rqBFWDnAN6FQUkS6x,198
5K4W6rqBFWDnAN6FQUkS6x,95
246dkjvS1zLTtiykXe5h60,65
246dkjvS1zLTtiykXe5h60,338
246dkjvS1zLTtiykXe5h60,241
246dkjvS1zLTtiykXe5h60,95
1vyhD5VmyZ7KMfW5gqLgo5,134
1vyhD5VmyZ7KMfW5gqLgo5,350
1vyhD5VmyZ7KMfW5gqLgo5,362
1vyhD5VmyZ7KMfW5gqLgo5,367
5pKCCKE2ajJHZ9KAiaK11H,319
5pKCCKE2ajJHZ9KAiaK11H,241
5pKCCKE2ajJHZ9KAiaK11H,47
3Nrfpe0tUJi4K4DXYWgMUX,22
3Nrfpe0tUJi4K4DXYWgMUX,8
3Nrfpe0tUJi4K4DXYWgMUX,241
1RyvyyTE3xzB2ZywiAwp0i,250
1RyvyyTE3xzB2ZywiAwp0i,198
1RyvyyTE3xzB2ZywiAwp0i,95
1RyvyyTE3xzB2ZywiAwp0i,31
1RyvyyTE3xzB2ZywiAwp0i,369
1i8SpTcr7yvPOmcqrbnVXY,371
1i8SpTcr7yvPOmcqrbnVXY,134
1i8SpTcr7yvPOmcqrbnVXY,362
1i8SpTcr7yvPOmcqrbnVXY,367
4MCBfE4596Uoi2O4DtmEMz,387
4MCBfE4596Uoi2O4DtmEMz,338
4MCBfE4596Uoi2O4DtmEMz,95
2YZyLoL8N0Wb9xBt1NhZWg,103
2YZyLoL8N0Wb9xBt1NhZWg,198
2YZyLoL8N0Wb9xBt1NhZWg,95
2YZyLoL8N0Wb9xBt1NhZWg,63
6qqNVTkY8uBg9cP3Jd7DAH,138
6qqNVTkY8uBg9cP3Jd7DAH,241
0hCNtLu0JehylgoiP8L4Gh,337
0hCNtLu0JehylgoiP8L4Gh,241
0hCNtLu0JehylgoiP8L4Gh,244
0hCNtLu0JehylgoiP8L4Gh,95
0du5cEVh5yTK9QJze8zA0C,166
0du5cEVh5yTK9QJze8zA0C,241
53XhwfbYqKCa1cC15pYq2q,277
53XhwfbYqKCa1cC15pYq2q,241
53XhwfbYqKCa1cC15pYq2q,254
7bXgB6jMjp9ATFy66eO08Z,368
7bXgB6jMjp9ATFy66eO08Z,95
4gzpq5DPGxSnKTe4SA8HAU,259
4gzpq5DPGxSnKTe4SA8HAU,241
15UsOTVnJzReFVN1VCnxy4,222
15UsOTVnJzReFVN1VCnxy4,60
15UsOTVnJzReFVN1VCnxy4,95
6M2wZ9GZgrQXHCFfjv46we,166
6M2wZ9GZgrQXHCFfjv46we,241
6M2wZ9GZgrQXHCFfjv46we,278
4VMYDCV2IEDYJArk749S6m,266
4VMYDCV2IEDYJArk749S6m,134
4VMYDCV2IEDYJArk749S6m,362
4VMYDCV2IEDYJArk749S6m,367
6LuN9FCkKOj5PcnpouEgny,241
6LuN9FCkKOj5PcnpouEgny,137
55Aa2cqylxrFIXC767Z865,198
55Aa2cqylxrFIXC767Z865,271
55Aa2cqylxrFIXC767Z865,257
55Aa2cqylxrFIXC767Z865,95
55Aa2cqylxrFIXC767Z865,369
1URnnhqYAYcrqrcwql10ft,250
1URnnhqYAYcrqrcwql10ft,198
1URnnhqYAYcrqrcwql10ft,95
1Cs0zKBU1kc0i8ypK3B9ai,133
1Cs0zKBU1kc0i8ypK3B9ai,166
1Cs0zKBU1kc0i8ypK3B9ai,159
1Cs0zKBU1kc0i8ypK3B9ai,241
1Cs0zKBU1kc0i8ypK3B9ai,27
2R21vXR83lH98kGeO99Y66,134
2R21vXR83lH98kGeO99Y66,297
2R21vXR83lH98kGeO99Y66,115
2R21vXR83lH98kGeO99Y66,362
2R21vXR83lH98kGeO99Y66,367
5f7VJjfbwm532GiveGC0ZK,250
5f7VJjfbwm532GiveGC0ZK,280
5f7VJjfbwm532GiveGC0ZK,95
5f7VJjfbwm532GiveGC0ZK,369
00FQb4jTyendYWaN8pK0wa,138
00FQb4jTyendYWaN8pK0wa,241
04gDigrS5kc9YWfZHwBETP,241
6vWDO969PvNqNYHIOW5v0m,241
6vWDO969PvNqNYHIOW5v0m,368
4O15NlyKLIASxsJ0PrXPfz,198
4O15NlyKLIASxsJ0PrXPfz,338
4O15NlyKLIASxsJ0PrXPfz,385
4O15NlyKLIASxsJ0PrXPfz,341
4O15NlyKLIASxsJ0PrXPfz,95
4O15NlyKLIASxsJ0PrXPfz,369
1r4hJ1h58CWwUQe3MxPuau,242
1r4hJ1h58CWwUQe3MxPuau,134
1r4hJ1h58CWwUQe3MxPuau,350
1r4hJ1h58CWwUQe3MxPuau,362
1r4hJ1h58CWwUQe3MxPuau,367
1mcTU81TzQhprhouKaTkpq,371
1mcTU81TzQhprhouKaTkpq,134
1mcTU81TzQhprhouKaTkpq,362
1mcTU81TzQhprhouKaTkpq,367
7CajNmpbOovFoOoasH2HaY,166
7CajNmpbOovFoOoasH2HaY,159
7CajNmpbOovFoOoasH2HaY,243
7CajNmpbOovFoOoasH2HaY,281
7CajNmpbOovFoOoasH2HaY,241
7CajNmpbOovFoOoasH2HaY,27
7CajNmpbOovFoOoasH2HaY,124
7CajNmpbOovFoOoasH2HaY,346
6l3HvQ5sa6mXTsMTB19rO5,103
6l3HvQ5sa6mXTsMTB19rO5,198
6l3HvQ5sa6mXTsMTB19rO5,190
6l3HvQ5sa6mXTsMTB19rO5,95
5WUlDfRSoLAfcVSX1WnrxN,272
5WUlDfRSoLAfcVSX1WnrxN,262
5WUlDfRSoLAfcVSX1WnrxN,241
50co4Is1HCEo8bhOyUWKpn,250
50co4Is1HCEo8bhOyUWKpn,280
50co4Is1HCEo8bhOyUWKpn,135
50co4Is1HCEo8bhOyUWKpn,338
50co4Is1HCEo8bhOyUWKpn,95
50co4Is1HCEo8bhOyUWKpn,369
7n2wHs1TKAczGzO7Dd2rGr,194
7n2wHs1TKAczGzO7Dd2rGr,241
7n2wHs1TKAczGzO7Dd2rGr,83
790FomKkXshlbRYZFtlgla,134
790FomKkXshlbRYZFtlgla,350
790FomKkXshlbRYZFtlgla,362
790FomKkXshlbRYZFtlgla,367
2wY79sveU1sp5g7SokKOiI,241
2wY79sveU1sp5g7SokKOiI,278
7tYKF4w9nC0nq9CsPZTHyP,241
7tYKF4w9nC0nq9CsPZTHyP,368
7tYKF4w9nC0nq9CsPZTHyP,95
329e4yvIujISKGKz1BZZbO,134
329e4yvIujISKGKz1BZZbO,362
329e4yvIujISKGKz1BZZbO,367
7iK8PXO48WeuP03g8YR51W,134
7iK8PXO48WeuP03g8YR51W,362
7iK8PXO48WeuP03g8YR51W,367
1dfeR4HaWDbWqFHLkxsg1d,306
1dfeR4HaWDbWqFHLkxsg1d,81
1dfeR4HaWDbWqFHLkxsg1d,254
5cj0lLjcoR7YOSnhnX0Po5,166
5cj0lLjcoR7YOSnhnX0Po5,241
6KImCVD70vtIoJWnq6nGn3,241
1HY2Jd0NmPuamShAr6KMms,138
1HY2Jd0NmPuamShAr6KMms,166
1HY2Jd0NmPuamShAr6KMms,241
0C8ZW7ezQVs4URX5aX7Kqx,241
0C8ZW7ezQVs4URX5aX7Kqx,69
2LRoIwlKmHjgvigdNGBHNo,290
2LRoIwlKmHjgvigdNGBHNo,9
2LRoIwlKmHjgvigdNGBHNo,134
2LRoIwlKmHjgvigdNGBHNo,350
2LRoIwlKmHjgvigdNGBHNo,362
2LRoIwlKmHjgvigdNGBHNo,367
4AK6F7OLvEQ5QYCBNiQWHq,330
4AK6F7OLvEQ5QYCBNiQWHq,241
4AK6F7OLvEQ5QYCBNiQWHq,69
4AK6F7OLvEQ5QYCBNiQWHq,324
7c0XG5cIJTrrAgEC3ULPiq,198
7c0XG5cIJTrrAgEC3ULPiq,257
7c0XG5cIJTrrAgEC3ULPiq,368
7c0XG5cIJTrrAgEC3ULPiq,31
7c0XG5cIJTrrAgEC3ULPiq,369
7c0XG5cIJTrrAgEC3ULPiq,102
4dpARuHxo51G3z768sgnrY,183
4dpARuHxo51G3z768sgnrY,241
4dpARuHxo51G3z768sgnrY,17
4dpARuHxo51G3z768sgnrY,278
0EmeFodog0BfCgMzAIvKQp,290
0EmeFodog0BfCgMzAIvKQp,166
0EmeFodog0BfCgMzAIvKQp,242
0EmeFodog0BfCgMzAIvKQp,241
1SupJlEpv7RS2tPNRaHViT,266
1SupJlEpv7RS2tPNRaHViT,134
1SupJlEpv7RS2tPNRaHViT,362
1SupJlEpv7RS2tPNRaHViT,367
26VFTg2z8YR0cCuwLzESi2,354
26VFTg2z8YR0cCuwLzESi2,62
26VFTg2z8YR0cCuwLzESi2,339
26VFTg2z8YR0cCuwLzESi2,241
6jJ0s89eD6GaHleKKya26X,241
0iEtIxbK0KxaSlF7G42ZOp,95
6XyY86QOPPrYVGvF9ch6wz,375
6XyY86QOPPrYVGvF9ch6wz,3
6XyY86QOPPrYVGvF9ch6wz,117
6XyY86QOPPrYVGvF9ch6wz,109
6XyY86QOPPrYVGvF9ch6wz,254
3WrFJ7ztbogyGnTHbHJFl2,1
3WrFJ7ztbogyGnTHbHJFl2,306
3WrFJ7ztbogyGnTHbHJFl2,215
3WrFJ7ztbogyGnTHbHJFl2,260
3WrFJ7ztbogyGnTHbHJFl2,254
2hlmm7s2ICUX0LVIhVFlZQ,250
2hlmm7s2ICUX0LVIhVFlZQ,338
2hlmm7s2ICUX0LVIhVFlZQ,95
2hlmm7s2ICUX0LVIhVFlZQ,369
137W8MRPWKqSmrBGDBFSop,198
137W8MRPWKqSmrBGDBFSop,75
137W8MRPWKqSmrBGDBFSop,257
137W8MRPWKqSmrBGDBFSop,95
137W8MRPWKqSmrBGDBFSop,31
137W8MRPWKqSmrBGDBFSop,369
4YRxDV8wJFPHPTeXepOstw,179
4YRxDV8wJFPHPTeXepOstw,175
69GGBxA162lTqCwzJG5jLp,241
64KEffDW9EtZ1y2vBYgq8T,261
64KEffDW9EtZ1y2vBYgq8T,159
64KEffDW9EtZ1y2vBYgq8T,241
64KEffDW9EtZ1y2vBYgq8T,180
7Ln80lUS6He07XvHI8qqHH,293
7Ln80lUS6He07XvHI8qqHH,277
7Ln80lUS6He07XvHI8qqHH,259
7Ln80lUS6He07XvHI8qqHH,254
7Ln80lUS6He07XvHI8qqHH,86
4kYSro6naA4h99UJvo89HB,241
4kYSro6naA4h99UJvo89HB,95
5YGY8feqx7naU7z4HrwZM6,241
1McMsnEElThX1knmY4oliG,241
3nFkdlSjzX9mRTtwJOzDYB,14
3nFkdlSjzX9mRTtwJOzDYB,135
3nFkdlSjzX9mRTtwJOzDYB,198
3nFkdlSjzX9mRTtwJOzDYB,257
3nFkdlSjzX9mRTtwJOzDYB,95
4nDoRrQiYLoBzwC5BhVJzF,166
4nDoRrQiYLoBzwC5BhVJzF,241
4r63FhuTkUYltbVAg5TQnk,198
4r63FhuTkUYltbVAg5TQnk,190
4r63FhuTkUYltbVAg5TQnk,257
4r63FhuTkUYltbVAg5TQnk,95
4r63FhuTkUYltbVAg5TQnk,369
13ubrt8QOOCPljQ2FL1Kca,14
13ubrt8QOOCPljQ2FL1Kca,198
13ubrt8QOOCPljQ2FL1Kca,95
0TnOYISbd1XYRBk9myaseg,166
0TnOYISbd1XYRBk9myaseg,60
0TnOYISbd1XYRBk9myaseg,241
1vCWHaC5f2uS3yhpwWbIA6,166
1vCWHaC5f2uS3yhpwWbIA6,159
1vCWHaC5f2uS3yhpwWbIA6,241
1vCWHaC5f2uS3yhpwWbIA6,27
3YQKmKGau1PzlVlkL1iodx,277
3YQKmKGau1PzlVlkL1iodx,241
3YQKmKGau1PzlVlkL1iodx,206
3YQKmKGau1PzlVlkL1iodx,254
23fqKkggKUBHNkbKtXEls4,159
23fqKkggKUBHNkbKtXEls4,241
23fqKkggKUBHNkbKtXEls4,27
23fqKkggKUBHNkbKtXEls4,248
4oUHIQIBe0LHzYfvXNW4QM,240
0VRj0yCOv2FXJNP47XQnx5,250
0VRj0yCOv2FXJNP47XQnx5,338
0VRj0yCOv2FXJNP47XQnx5,95
0VRj0yCOv2FXJNP47XQnx5,369
2h93pZq0e7k5yf4dywlkpM,153
2h93pZq0e7k5yf4dywlkpM,192
77ziqFxp5gaInVrF2lj4ht,213
77ziqFxp5gaInVrF2lj4ht,134
77ziqFxp5gaInVrF2lj4ht,362
77ziqFxp5gaInVrF2lj4ht,367
4V8LLVI7PbaPR0K2TGSxFF,198
4V8LLVI7PbaPR0K2TGSxFF,95
5Pwc4xIPtQLFEnJriah9YJ,219
5Pwc4xIPtQLFEnJriah9YJ,241
0L8ExT028jH3ddEcZwqJJ5,136
0L8ExT028jH3ddEcZwqJJ5,50
0L8ExT028jH3ddEcZwqJJ5,129
0L8ExT028jH3ddEcZwqJJ5,259
0L8ExT028jH3ddEcZwqJJ5,254
5LHRHt1k9lMyONurDHEdrp,198
5LHRHt1k9lMyONurDHEdrp,257
5LHRHt1k9lMyONurDHEdrp,95
5LHRHt1k9lMyONurDHEdrp,31
5LHRHt1k9lMyONurDHEdrp,369
7hJcb9fa4alzcOq3EaNPoG,249
7hJcb9fa4alzcOq3EaNPoG,135
7hJcb9fa4alzcOq3EaNPoG,198
7hJcb9fa4alzcOq3EaNPoG,257
7hJcb9fa4alzcOq3EaNPoG,95
7hJcb9fa4alzcOq3EaNPoG,63
12GqGscKJx3aE4t07u7eVZ,132
12GqGscKJx3aE4t07u7eVZ,142
6Xgp2XMz1fhVYe7i6yNAax,338
6Xgp2XMz1fhVYe7i6yNAax,95
6Xgp2XMz1fhVYe7i6yNAax,369
07YZf4WDAMNwqr4jfgOZ8y,166
07YZf4WDAMNwqr4jfgOZ8y,241
4SsVbpTthjScTS7U2hmr1X,266
4SsVbpTthjScTS7U2hmr1X,134
4SsVbpTthjScTS7U2hmr1X,362
4SsVbpTthjScTS7U2hmr1X,367
3fMbdgg4jU18AjLCKBhRSm,368
3fMbdgg4jU18AjLCKBhRSm,52
4LLpKhyESsyAXpc4laK94U,198
4LLpKhyESsyAXpc4laK94U,75
4LLpKhyESsyAXpc4laK94U,95
64M6ah0SkkRsnPGtGiRAbb,166
64M6ah0SkkRsnPGtGiRAbb,241
1VPmR4DJC1PlOtd0IADAO0,355
1VPmR4DJC1PlOtd0IADAO0,310
1VPmR4DJC1PlOtd0IADAO0,271
1VPmR4DJC1PlOtd0IADAO0,228
699OTQXzgjhIYAHMy9RyPD,250
699OTQXzgjhIYAHMy9RyPD,143
699OTQXzgjhIYAHMy9RyPD,128
699OTQXzgjhIYAHMy9RyPD,341
699OTQXzgjhIYAHMy9RyPD,95
31W5EY0aAly4Qieq6OFu6I,338
31W5EY0aAly4Qieq6OFu6I,95
31W5EY0aAly4Qieq6OFu6I,369
6S2OmqARrzebs0tKUEyXyp,241
6S2OmqARrzebs0tKUEyXyp,69
2o5jDhtHVPhrJdv3cEQ99Z,133
2o5jDhtHVPhrJdv3cEQ99Z,261
2o5jDhtHVPhrJdv3cEQ99Z,140
2o5jDhtHVPhrJdv3cEQ99Z,159
2o5jDhtHVPhrJdv3cEQ99Z,281
2o5jDhtHVPhrJdv3cEQ99Z,27
2o5jDhtHVPhrJdv3cEQ99Z,180
2o5jDhtHVPhrJdv3cEQ99Z,323
2o5jDhtHVPhrJdv3cEQ99Z,71
6VuMaDnrHyPL1p4EHjYLi7,241
6VuMaDnrHyPL1p4EHjYLi7,83
1zNqQNIdeOUZHb8zbZRFMX,338
1zNqQNIdeOUZHb8zbZRFMX,95
1zNqQNIdeOUZHb8zbZRFMX,369
0eDvMgVFoNV3TpwtrVCoTj,182
0eDvMgVFoNV3TpwtrVCoTj,198
0eDvMgVFoNV3TpwtrVCoTj,95
3PhoLpVuITZKcymswpck5b,81
3PhoLpVuITZKcymswpck5b,258
3PhoLpVuITZKcymswpck5b,219
3PhoLpVuITZKcymswpck5b,254
7wlFDEWiM5OoIAt8RSli8b,322
7wlFDEWiM5OoIAt8RSli8b,95
3q7HBObVc0L8jNeTe5Gofh,14
3q7HBObVc0L8jNeTe5Gofh,135
3q7HBObVc0L8jNeTe5Gofh,198
3q7HBObVc0L8jNeTe5Gofh,257
3q7HBObVc0L8jNeTe5Gofh,244
3q7HBObVc0L8jNeTe5Gofh,95
1wRPtKGflJrBx9BmLsSwlU,179
1wRPtKGflJrBx9BmLsSwlU,78
1wRPtKGflJrBx9BmLsSwlU,175
0c173mlxpT3dSFRgMO8XPh,386
0c173mlxpT3dSFRgMO8XPh,198
0c173mlxpT3dSFRgMO8XPh,257
0c173mlxpT3dSFRgMO8XPh,368
0c173mlxpT3dSFRgMO8XPh,95
0c173mlxpT3dSFRgMO8XPh,31
0c173mlxpT3dSFRgMO8XPh,369
6oMuImdp5ZcFhWP0ESe6mG,250
6oMuImdp5ZcFhWP0ESe6mG,198
6oMuImdp5ZcFhWP0ESe6mG,257
6oMuImdp5ZcFhWP0ESe6mG,95
6oMuImdp5ZcFhWP0ESe6mG,369
46SHBwWsqBkxI7EeeBEQG7,181
46SHBwWsqBkxI7EeeBEQG7,173
46SHBwWsqBkxI7EeeBEQG7,338
46SHBwWsqBkxI7EeeBEQG7,60
46SHBwWsqBkxI7EeeBEQG7,95
46SHBwWsqBkxI7EeeBEQG7,369
46SHBwWsqBkxI7EeeBEQG7,362
7Gi6gjaWy3DxyilpF1a8Is,342
7Gi6gjaWy3DxyilpF1a8Is,132
7Gi6gjaWy3DxyilpF1a8Is,141
7Gi6gjaWy3DxyilpF1a8Is,142
7Gi6gjaWy3DxyilpF1a8Is,220
07YUOmWljBTXwIseAUd9TW,290
07YUOmWljBTXwIseAUd9TW,242
07YUOmWljBTXwIseAUd9TW,134
07YUOmWljBTXwIseAUd9TW,350
07YUOmWljBTXwIseAUd9TW,367
41MozSoPIsD1dJM0CLPjZF,22
41MozSoPIsD1dJM0CLPjZF,53
41MozSoPIsD1dJM0CLPjZF,241
0tmwSHipWxN12fsoLcFU3B,290
0tmwSHipWxN12fsoLcFU3B,242
0tmwSHipWxN12fsoLcFU3B,134
0tmwSHipWxN12fsoLcFU3B,350
0tmwSHipWxN12fsoLcFU3B,362
0tmwSHipWxN12fsoLcFU3B,367
2ye2Wgw4gimLv2eAKyk1NB,201
2ye2Wgw4gimLv2eAKyk1NB,255
2ye2Wgw4gimLv2eAKyk1NB,312
2ye2Wgw4gimLv2eAKyk1NB,254
2ye2Wgw4gimLv2eAKyk1NB,114
5lwmRuXgjX8xIwlnauTZIP,10
5lwmRuXgjX8xIwlnauTZIP,266
5lwmRuXgjX8xIwlnauTZIP,242
5lwmRuXgjX8xIwlnauTZIP,367
02kJSzxNuaWGqwubyUba0Z,92
02kJSzxNuaWGqwubyUba0Z,268
02kJSzxNuaWGqwubyUba0Z,257
02kJSzxNuaWGqwubyUba0Z,95
4tZwfgrHOc3mvqYlEYSvVi,157
4tZwfgrHOc3mvqYlEYSvVi,191
4tZwfgrHOc3mvqYlEYSvVi,254
5fMUXHkw8R8eOP2RNVYEZX,166
5fMUXHkw8R8eOP2RNVYEZX,159
5fMUXHkw8R8eOP2RNVYEZX,243
5fMUXHkw8R8eOP2RNVYEZX,49
5fMUXHkw8R8eOP2RNVYEZX,27
0X2BH1fck6amBIoJhDVmmJ,108
0X2BH1fck6amBIoJhDVmmJ,15
0X2BH1fck6amBIoJhDVmmJ,241
0X2BH1fck6amBIoJhDVmmJ,278
6nVcHLIgY5pE2YCl8ubca1,134
6nVcHLIgY5pE2YCl8ubca1,362
6nVcHLIgY5pE2YCl8ubca1,367
3meJIgRw7YleJrmbpbJK6S,221
31TPClRtHm23RisEBtV3X7,166
31TPClRtHm23RisEBtV3X7,241
6AgTAQt8XS6jRWi4sX7w49,387
6AgTAQt8XS6jRWi4sX7w49,95
7vk5e3vY1uw9plTHJAMwjN,243
1KCSPY1glIKqW2TotWuXOR,166
1KCSPY1glIKqW2TotWuXOR,241
13y7CgLHjMVRMDqxdx0Xdo,250
13y7CgLHjMVRMDqxdx0Xdo,315
13y7CgLHjMVRMDqxdx0Xdo,198
13y7CgLHjMVRMDqxdx0Xdo,257
13y7CgLHjMVRMDqxdx0Xdo,95
13y7CgLHjMVRMDqxdx0Xdo,31
13y7CgLHjMVRMDqxdx0Xdo,369
540vIaP2JwjQb9dm3aArA4,166
540vIaP2JwjQb9dm3aArA4,159
540vIaP2JwjQb9dm3aArA4,120
540vIaP2JwjQb9dm3aArA4,241
540vIaP2JwjQb9dm3aArA4,27
77SW9BnxLY8rJ0RciFqkHh,348
77SW9BnxLY8rJ0RciFqkHh,277
77SW9BnxLY8rJ0RciFqkHh,241
3Isy6kedDrgPYoTS1dazA9,166
3Isy6kedDrgPYoTS1dazA9,72
3Isy6kedDrgPYoTS1dazA9,241
3Isy6kedDrgPYoTS1dazA9,257
4IWBUUAFIplrNtaOHcJPRM,241
4IWBUUAFIplrNtaOHcJPRM,324
4IWBUUAFIplrNtaOHcJPRM,278
1yR65psqiazQpeM79CcGh8,205
1yR65psqiazQpeM79CcGh8,370
1yR65psqiazQpeM79CcGh8,110
17lzZA2AlOHwCwFALHttmp,250
17lzZA2AlOHwCwFALHttmp,198
17lzZA2AlOHwCwFALHttmp,257
17lzZA2AlOHwCwFALHttmp,95
17lzZA2AlOHwCwFALHttmp,31
17lzZA2AlOHwCwFALHttmp,369
711MCceyCBcFnzjGY4Q7Un,251
711MCceyCBcFnzjGY4Q7Un,201
711MCceyCBcFnzjGY4Q7Un,254
716NhGYqD1jl2wI1Qkgq36,145
716NhGYqD1jl2wI1Qkgq36,56
716NhGYqD1jl2wI1Qkgq36,329
716NhGYqD1jl2wI1Qkgq36,362
716NhGYqD1jl2wI1Qkgq36,367
14zUHaJZo1mnYtn6IBRaRP,134
14zUHaJZo1mnYtn6IBRaRP,362
14zUHaJZo1mnYtn6IBRaRP,367
2jku7tDXc6XoB6MO2hFuqg,158
2jku7tDXc6XoB6MO2hFuqg,55
2jku7tDXc6XoB6MO2hFuqg,338
2jku7tDXc6XoB6MO2hFuqg,257
2jku7tDXc6XoB6MO2hFuqg,368
2jku7tDXc6XoB6MO2hFuqg,95
2jku7tDXc6XoB6MO2hFuqg,369
20JZFwl6HVl6yg8a4H3ZqK,241
4DdkRBBYG6Yk9Ka8tdJ9BW,250
4DdkRBBYG6Yk9Ka8tdJ9BW,198
4DdkRBBYG6Yk9Ka8tdJ9BW,257
4DdkRBBYG6Yk9Ka8tdJ9BW,95
4DdkRBBYG6Yk9Ka8tdJ9BW,369
718COspgdWOnwOFpJHRZHS,240
718COspgdWOnwOFpJHRZHS,308
2nszmSgqreHSdJA3zWPyrW,23
2nszmSgqreHSdJA3zWPyrW,242
3hcs9uc56yIGFCSy9leWe7,295
3hcs9uc56yIGFCSy9leWe7,387
3hcs9uc56yIGFCSy9leWe7,389
3hcs9uc56yIGFCSy9leWe7,198
3hcs9uc56yIGFCSy9leWe7,95
3hcs9uc56yIGFCSy9leWe7,369
23zg3TcAtWQy7J6upgbUnj,250
23zg3TcAtWQy7J6upgbUnj,211
23zg3TcAtWQy7J6upgbUnj,166
23zg3TcAtWQy7J6upgbUnj,241
23zg3TcAtWQy7J6upgbUnj,368
23zg3TcAtWQy7J6upgbUnj,95
23zg3TcAtWQy7J6upgbUnj,381
23zg3TcAtWQy7J6upgbUnj,47
4xRYI6VqpkE3UwrDrAZL8L,103
4xRYI6VqpkE3UwrDrAZL8L,198
4xRYI6VqpkE3UwrDrAZL8L,257
4xRYI6VqpkE3UwrDrAZL8L,95
757aE44tKEUQEqRuT6GnEB,338
757aE44tKEUQEqRuT6GnEB,95
757aE44tKEUQEqRuT6GnEB,369
7jVv8c5Fj3E9VhNjxT4snq,153
2kCcBybjl3SAtIcwdWpUe3,355
2kCcBybjl3SAtIcwdWpUe3,222
2kCcBybjl3SAtIcwdWpUe3,153
4UXqAaa6dQYAk18Lv7PEgX,246
4UXqAaa6dQYAk18Lv7PEgX,277
4UXqAaa6dQYAk18Lv7PEgX,241
4UXqAaa6dQYAk18Lv7PEgX,167
4UXqAaa6dQYAk18Lv7PEgX,254
0fA0VVWsXO9YnASrzqfmYu,198
0fA0VVWsXO9YnASrzqfmYu,269
0fA0VVWsXO9YnASrzqfmYu,257
0fA0VVWsXO9YnASrzqfmYu,95
2RdwBSPQiwcmiDo9kixcl8,166
2RdwBSPQiwcmiDo9kixcl8,241
60d24wfXkVzDSfLS6hyCjZ,140
60d24wfXkVzDSfLS6hyCjZ,159
60d24wfXkVzDSfLS6hyCjZ,241
60d24wfXkVzDSfLS6hyCjZ,27
60d24wfXkVzDSfLS6hyCjZ,124
1bAftSH8umNcGZ0uyV7LMg,145
1bAftSH8umNcGZ0uyV7LMg,329
1bAftSH8umNcGZ0uyV7LMg,362
1bAftSH8umNcGZ0uyV7LMg,267
1bAftSH8umNcGZ0uyV7LMg,367
33ScadVnbm2X8kkUqOkC6Z,266
33ScadVnbm2X8kkUqOkC6Z,371
33ScadVnbm2X8kkUqOkC6Z,134
33ScadVnbm2X8kkUqOkC6Z,362
33ScadVnbm2X8kkUqOkC6Z,367
6fOMl44jA4Sp5b9PpYCkzz,198
6fOMl44jA4Sp5b9PpYCkzz,257
738wLrAtLtCtFOLvQBXOXp,166
738wLrAtLtCtFOLvQBXOXp,159
738wLrAtLtCtFOLvQBXOXp,243
738wLrAtLtCtFOLvQBXOXp,49
738wLrAtLtCtFOLvQBXOXp,241
738wLrAtLtCtFOLvQBXOXp,27
6olE6TJLqED3rqDCT0FyPh,335
6olE6TJLqED3rqDCT0FyPh,259
6olE6TJLqED3rqDCT0FyPh,254
0z4gvV4rjIZ9wHck67ucSV,166
26dSoYclwsYLMAKD3tpOr4,166
26dSoYclwsYLMAKD3tpOr4,241
0hEurMDQu99nJRq8pTxO14,126
0hEurMDQu99nJRq8pTxO14,28
7FNnA9vBm6EKceENgCGRMb,11
7FNnA9vBm6EKceENgCGRMb,172
7FNnA9vBm6EKceENgCGRMb,202
7FNnA9vBm6EKceENgCGRMb,241
7FNnA9vBm6EKceENgCGRMb,119
4GNC7GD6oZMSxPGyXy4MNB,241
4GNC7GD6oZMSxPGyXy4MNB,278
3MZsBdqDrRTJihTHQrO6Dq,83
3p7PcrEHaaKLJnPUGOtRlT,12
3p7PcrEHaaKLJnPUGOtRlT,205
3p7PcrEHaaKLJnPUGOtRlT,46
3p7PcrEHaaKLJnPUGOtRlT,370
3p7PcrEHaaKLJnPUGOtRlT,110
1pQWsZQehhS4wavwh7Fnxd,134
1pQWsZQehhS4wavwh7Fnxd,329
1pQWsZQehhS4wavwh7Fnxd,362
1pQWsZQehhS4wavwh7Fnxd,367
2tIP7SsRs7vjIcLrU85W8J,57
0elWFr7TW8piilVRYJUe4P,342
0elWFr7TW8piilVRYJUe4P,132
0elWFr7TW8piilVRYJUe4P,141
0elWFr7TW8piilVRYJUe4P,142
0elWFr7TW8piilVRYJUe4P,220
1U1el3k54VvEUzo3ybLPlM,290
0jnsk9HBra6NMjO2oANoPY,166
0jnsk9HBra6NMjO2oANoPY,60
0jnsk9HBra6NMjO2oANoPY,241
0jnsk9HBra6NMjO2oANoPY,257
3E6xrwgnVfYCrCs0ePERDz,134
3E6xrwgnVfYCrCs0ePERDz,367
2cFrymmkijnjDg9SS92EPM,93
2cFrymmkijnjDg9SS92EPM,241
2FXC3k01G6Gw61bmprjgqS,226
2FXC3k01G6Gw61bmprjgqS,277
2FXC3k01G6Gw61bmprjgqS,206
7oPftvlwr6VrsViSDV7fJY,277
7oPftvlwr6VrsViSDV7fJY,259
7oPftvlwr6VrsViSDV7fJY,123
7oPftvlwr6VrsViSDV7fJY,254
1yxSLGMDHlW21z4YXirZDS,166
1yxSLGMDHlW21z4YXirZDS,241
1yxSLGMDHlW21z4YXirZDS,257
6TIYQ3jFPwQSRmorSezPxX,269
6TIYQ3jFPwQSRmorSezPxX,257
4obzFoKoKRHIphyHzJ35G3,242
4obzFoKoKRHIphyHzJ35G3,224
4obzFoKoKRHIphyHzJ35G3,76
4obzFoKoKRHIphyHzJ35G3,134
4obzFoKoKRHIphyHzJ35G3,362
4obzFoKoKRHIphyHzJ35G3,367
5Rl15oVamLq7FbSb0NNBNy,330
5Rl15oVamLq7FbSb0NNBNy,241
7ltDVBr6mKbRvohxheJ9h1,241
7ltDVBr6mKbRvohxheJ9h1,36
1zNqDE7qDGCsyzJwohVaoX,241
08GQAI4eElDnROBrJRGE0X,388
08GQAI4eElDnROBrJRGE0X,306
08GQAI4eElDnROBrJRGE0X,254
08GQAI4eElDnROBrJRGE0X,7
08GQAI4eElDnROBrJRGE0X,212
2QsynagSdAqZj3U9HgDzjD,106
2QsynagSdAqZj3U9HgDzjD,189
3JhNCzhSMTxs9WLGJJxWOY,257
3JhNCzhSMTxs9WLGJJxWOY,80
6icQOAFXDZKsumw3YXyusw,250
6icQOAFXDZKsumw3YXyusw,338
6icQOAFXDZKsumw3YXyusw,95
6icQOAFXDZKsumw3YXyusw,369
3t5xRXzsuZmMDkQzgOX35S,279
3t5xRXzsuZmMDkQzgOX35S,165
3t5xRXzsuZmMDkQzgOX35S,159
3t5xRXzsuZmMDkQzgOX35S,273
3t5xRXzsuZmMDkQzgOX35S,27
3t5xRXzsuZmMDkQzgOX35S,248
28gNT5KBp7IjEOQoevXf9N,290
28gNT5KBp7IjEOQoevXf9N,242
28gNT5KBp7IjEOQoevXf9N,224
28gNT5KBp7IjEOQoevXf9N,350
5ZsFI1h6hIdQRw2ti0hz81,241
5ZsFI1h6hIdQRw2ti0hz81,278
2qxJFvFYMEDqd7ui6kSAcq,178
2qxJFvFYMEDqd7ui6kSAcq,159
2qxJFvFYMEDqd7ui6kSAcq,70
2qxJFvFYMEDqd7ui6kSAcq,241
2qxJFvFYMEDqd7ui6kSAcq,27
6jGMq4yGs7aQzuGsMgVgZR,182
6jGMq4yGs7aQzuGsMgVgZR,338
6jGMq4yGs7aQzuGsMgVgZR,291
6jGMq4yGs7aQzuGsMgVgZR,95
2LIk90788K0zvyj2JJVwkJ,5
2LIk90788K0zvyj2JJVwkJ,304
2LIk90788K0zvyj2JJVwkJ,257
2LIk90788K0zvyj2JJVwkJ,95
1Xylc3o4UrD53lo9CvFvVg,241
1Xylc3o4UrD53lo9CvFvVg,265
1Xylc3o4UrD53lo9CvFvVg,325
1Xylc3o4UrD53lo9CvFvVg,154
5JZ7CnR6gTvEMKX4g70Amv,241
1anyVhU62p31KFi8MEzkbf,387
1anyVhU62p31KFi8MEzkbf,103
1anyVhU62p31KFi8MEzkbf,198
1anyVhU62p31KFi8MEzkbf,257
1anyVhU62p31KFi8MEzkbf,95
1anyVhU62p31KFi8MEzkbf,369
5C4PDR4LnhZTbVnKWXuDKD,290
5C4PDR4LnhZTbVnKWXuDKD,224
1elUiq4X7pxej6FRlrEzjM,12
1elUiq4X7pxej6FRlrEzjM,205
1elUiq4X7pxej6FRlrEzjM,370
1elUiq4X7pxej6FRlrEzjM,110
21451j1KhjAiaYKflxBjr1,134
21451j1KhjAiaYKflxBjr1,367
6vXTefBL93Dj5IqAWq6OTv,198
6vXTefBL93Dj5IqAWq6OTv,257
6vXTefBL93Dj5IqAWq6OTv,95
6vXTefBL93Dj5IqAWq6OTv,31
6vXTefBL93Dj5IqAWq6OTv,369
21E3waRsmPlU7jZsS13rcj,166
21E3waRsmPlU7jZsS13rcj,241
21E3waRsmPlU7jZsS13rcj,368
21E3waRsmPlU7jZsS13rcj,47
2EMAnMvWE2eb56ToJVfCWs,304
2EMAnMvWE2eb56ToJVfCWs,368
2EMAnMvWE2eb56ToJVfCWs,95
0XwVARXT135rw8lyw1EeWP,351
0XwVARXT135rw8lyw1EeWP,141
0XwVARXT135rw8lyw1EeWP,380
73sIBHcqh3Z3NyqHKZ7FOL,250
73sIBHcqh3Z3NyqHKZ7FOL,198
73sIBHcqh3Z3NyqHKZ7FOL,95
1ZwdS5xdxEREPySFridCfh,249
1ZwdS5xdxEREPySFridCfh,135
1ZwdS5xdxEREPySFridCfh,198
1ZwdS5xdxEREPySFridCfh,95
1ZwdS5xdxEREPySFridCfh,63
5y2Xq6xcjJb2jVM54GHK3t,192
5y2Xq6xcjJb2jVM54GHK3t,241
5y2Xq6xcjJb2jVM54GHK3t,17
5y2Xq6xcjJb2jVM54GHK3t,47
0QHgL1lAIqAw0HtD7YldmP,198
0QHgL1lAIqAw0HtD7YldmP,60
0QHgL1lAIqAw0HtD7YldmP,257
0QHgL1lAIqAw0HtD7YldmP,95
3e7awlrlDSwF3iM0WBjGMp,26
3e7awlrlDSwF3iM0WBjGMp,241
3e7awlrlDSwF3iM0WBjGMp,324
3e7awlrlDSwF3iM0WBjGMp,278
0k17h0D3J5VfsdmQ1iZtE9,388
0k17h0D3J5VfsdmQ1iZtE9,68
0k17h0D3J5VfsdmQ1iZtE9,306
0k17h0D3J5VfsdmQ1iZtE9,161
0k17h0D3J5VfsdmQ1iZtE9,260
0k17h0D3J5VfsdmQ1iZtE9,254
0k17h0D3J5VfsdmQ1iZtE9,382
6DPYiyq5kWVQS4RGwxzPC7,249
6DPYiyq5kWVQS4RGwxzPC7,135
6DPYiyq5kWVQS4RGwxzPC7,198
6DPYiyq5kWVQS4RGwxzPC7,95
6DPYiyq5kWVQS4RGwxzPC7,63
1GxkXlMwML1oSg5eLPiAz3,328
1GxkXlMwML1oSg5eLPiAz3,194
1GxkXlMwML1oSg5eLPiAz3,331
1GxkXlMwML1oSg5eLPiAz3,344
3qm84nBOXUEQ2vnTfUTTFC,223
3qm84nBOXUEQ2vnTfUTTFC,201
3qm84nBOXUEQ2vnTfUTTFC,254
0ys2OFYzWYB5hRDLCsBqxt,342
0ys2OFYzWYB5hRDLCsBqxt,132
0ys2OFYzWYB5hRDLCsBqxt,142
0ys2OFYzWYB5hRDLCsBqxt,220
4npEfmQ6YuiwW1GpUmaq3F,241
7qG3b048QCHVRO5Pv1T5lw,166
7qG3b048QCHVRO5Pv1T5lw,242
7qG3b048QCHVRO5Pv1T5lw,73
22bE4uQ6baNwSHPVcDxLCe,388
22bE4uQ6baNwSHPVcDxLCe,1
22bE4uQ6baNwSHPVcDxLCe,306
22bE4uQ6baNwSHPVcDxLCe,254
4iHNK0tOyZPYnBU7nGAgpQ,166
4iHNK0tOyZPYnBU7nGAgpQ,241
4iHNK0tOyZPYnBU7nGAgpQ,47
4Gso3d4CscCijv0lmajZWs,257
4Gso3d4CscCijv0lmajZWs,95
5he5w2lnU9x7JFhnwcekXX,261
5he5w2lnU9x7JFhnwcekXX,178
5he5w2lnU9x7JFhnwcekXX,159
5he5w2lnU9x7JFhnwcekXX,157
5he5w2lnU9x7JFhnwcekXX,27
360IAlyVv4PCEVjgyMZrxK,368
360IAlyVv4PCEVjgyMZrxK,47
181bsRPaVXVlUKXrxwZfHK,105
181bsRPaVXVlUKXrxwZfHK,241
181bsRPaVXVlUKXrxwZfHK,368
181bsRPaVXVlUKXrxwZfHK,95
181bsRPaVXVlUKXrxwZfHK,130
3AA28KZvwAUcZuOKwyblJQ,311
3AA28KZvwAUcZuOKwyblJQ,277
3AA28KZvwAUcZuOKwyblJQ,254
6JL8zeS1NmiOftqZTRgdTz,337
6JL8zeS1NmiOftqZTRgdTz,241
2C6i0I5RiGzDKN9IAF8reh,74
2C6i0I5RiGzDKN9IAF8reh,141
2C6i0I5RiGzDKN9IAF8reh,203
0eHQ9o50hj6ZDNBt6Ys1sD,266
0eHQ9o50hj6ZDNBt6Ys1sD,134
0eHQ9o50hj6ZDNBt6Ys1sD,362
0eHQ9o50hj6ZDNBt6Ys1sD,367
1sBkRIssrMs1AbVkOJbc7a,315
1sBkRIssrMs1AbVkOJbc7a,135
1sBkRIssrMs1AbVkOJbc7a,198
1sBkRIssrMs1AbVkOJbc7a,95
1sBkRIssrMs1AbVkOJbc7a,31
1sBkRIssrMs1AbVkOJbc7a,369
0vR2qb8m9WHeZ5ByCbimq2,25
0vR2qb8m9WHeZ5ByCbimq2,242
0vR2qb8m9WHeZ5ByCbimq2,73
0vR2qb8m9WHeZ5ByCbimq2,134
66ihevNkSYNzRAl44dx6jJ,342
66ihevNkSYNzRAl44dx6jJ,141
66ihevNkSYNzRAl44dx6jJ,142
66ihevNkSYNzRAl44dx6jJ,220
4Z8W4fKeB5YxbusRsdQVPb,136
4Z8W4fKeB5YxbusRsdQVPb,68
4Z8W4fKeB5YxbusRsdQVPb,236
4Z8W4fKeB5YxbusRsdQVPb,94
4Z8W4fKeB5YxbusRsdQVPb,259
4Z8W4fKeB5YxbusRsdQVPb,254
40ZNYROS4zLfyyBSs2PGe2,383
7MiDcPa6UiV3In7lIM71IN,12
7MiDcPa6UiV3In7lIM71IN,205
7MiDcPa6UiV3In7lIM71IN,370
7MiDcPa6UiV3In7lIM71IN,110
3IW7ScrzXmPvZhB27hmfgy,112
3IW7ScrzXmPvZhB27hmfgy,313
3IW7ScrzXmPvZhB27hmfgy,305
20sxb77xiYeusSH8cVdatc,198
20sxb77xiYeusSH8cVdatc,385
20sxb77xiYeusSH8cVdatc,257
20sxb77xiYeusSH8cVdatc,95
20sxb77xiYeusSH8cVdatc,31
20sxb77xiYeusSH8cVdatc,369
2feDdbD5araYcm6JhFHHw7,339
2feDdbD5araYcm6JhFHHw7,241
63yrD80RY3RNEM2YDpUpO8,93
63yrD80RY3RNEM2YDpUpO8,354
63yrD80RY3RNEM2YDpUpO8,241
3DiDSECUqqY1AuBP8qtaIa,192
3DiDSECUqqY1AuBP8qtaIa,241
3DiDSECUqqY1AuBP8qtaIa,368
6MDME20pz9RveH9rEXvrOM,241
6MDME20pz9RveH9rEXvrOM,346
6MDME20pz9RveH9rEXvrOM,361
3b8QkneNDz4JHKKKlLgYZg,240
3b8QkneNDz4JHKKKlLgYZg,308
3b8QkneNDz4JHKKKlLgYZg,196
3b8QkneNDz4JHKKKlLgYZg,13
3b8QkneNDz4JHKKKlLgYZg,332
7n2Ycct7Beij7Dj7meI4X0,22
7n2Ycct7Beij7Dj7meI4X0,53
7n2Ycct7Beij7Dj7meI4X0,241
5INjqkS1o8h1imAzPqGZBb,207
5INjqkS1o8h1imAzPqGZBb,277
5INjqkS1o8h1imAzPqGZBb,54
5INjqkS1o8h1imAzPqGZBb,254
1TtXnWcUs0FCkaZDPGYHdf,266
1TtXnWcUs0FCkaZDPGYHdf,134
1TtXnWcUs0FCkaZDPGYHdf,362
1TtXnWcUs0FCkaZDPGYHdf,367
2wUjUUtkb5lvLKcGKsKqsR,357
2wUjUUtkb5lvLKcGKsKqsR,194
2wUjUUtkb5lvLKcGKsKqsR,241
1z7b1Pr1rSlvWRzsW3HOrS,288
1z7b1Pr1rSlvWRzsW3HOrS,257
1wZtkThiXbVNtj6hee6dz9,225
1wZtkThiXbVNtj6hee6dz9,134
1wZtkThiXbVNtj6hee6dz9,362
1wZtkThiXbVNtj6hee6dz9,367
52iwsT98xCoGgiGntTiR7K,314
52iwsT98xCoGgiGntTiR7K,362
52iwsT98xCoGgiGntTiR7K,367
0LcJLqbBmaGUft1e9Mm8HV,232
0LcJLqbBmaGUft1e9Mm8HV,154
2IMZYfNi21MGqxopj9fWx8,36
2IMZYfNi21MGqxopj9fWx8,199
2IMZYfNi21MGqxopj9fWx8,362
2IMZYfNi21MGqxopj9fWx8,77
2IMZYfNi21MGqxopj9fWx8,367
5eAWCfyUhZtHHtBdNk56l1,375
5eAWCfyUhZtHHtBdNk56l1,3
5eAWCfyUhZtHHtBdNk56l1,109
5eAWCfyUhZtHHtBdNk56l1,254
43ZHCT0cAZBISjO8DG9PnE,147
43ZHCT0cAZBISjO8DG9PnE,188
7jy3rLJdDQY21OgRLCZ9sD,375
7jy3rLJdDQY21OgRLCZ9sD,136
7jy3rLJdDQY21OgRLCZ9sD,277
7jy3rLJdDQY21OgRLCZ9sD,259
7jy3rLJdDQY21OgRLCZ9sD,117
7jy3rLJdDQY21OgRLCZ9sD,254
3WGpXCj9YhhfX11TToZcXP,262
3WGpXCj9YhhfX11TToZcXP,241
3WGpXCj9YhhfX11TToZcXP,83
0Q8NcsJwoCbZOHHW63su5S,362
0Q8NcsJwoCbZOHHW63su5S,367
163tK9Wjr9P9DmM0AVK7lm,138
163tK9Wjr9P9DmM0AVK7lm,15
163tK9Wjr9P9DmM0AVK7lm,302
163tK9Wjr9P9DmM0AVK7lm,241
1l7ZsJRRS8wlW3WfJfPfNS,166
1l7ZsJRRS8wlW3WfJfPfNS,241
6Te49r3A6f5BiIgBRxH7FH,112
6Te49r3A6f5BiIgBRxH7FH,313
6FBDaR13swtiWwGhX1WQsP,375
6FBDaR13swtiWwGhX1WQsP,277
6FBDaR13swtiWwGhX1WQsP,167
6FBDaR13swtiWwGhX1WQsP,123
6FBDaR13swtiWwGhX1WQsP,254
6FBDaR13swtiWwGhX1WQsP,256
1HBjj22wzbscIZ9sEb5dyf,241
1HBjj22wzbscIZ9sEb5dyf,27
1HBjj22wzbscIZ9sEb5dyf,248
1HBjj22wzbscIZ9sEb5dyf,346
51Blml2LZPmy7TTiAg47vQ,29
51Blml2LZPmy7TTiAg47vQ,259
51Blml2LZPmy7TTiAg47vQ,254
4V8Sr092TqfHkfAA5fXXqG,242
4V8Sr092TqfHkfAA5fXXqG,371
3KV3p5EY4AvKxOlhGHORLg,387
3KV3p5EY4AvKxOlhGHORLg,257
3KV3p5EY4AvKxOlhGHORLg,368
3KV3p5EY4AvKxOlhGHORLg,31
3KV3p5EY4AvKxOlhGHORLg,369
3KV3p5EY4AvKxOlhGHORLg,47
5XJDexmWFLWOkjOEjOVX3e,115
5XJDexmWFLWOkjOEjOVX3e,362
5XJDexmWFLWOkjOEjOVX3e,267
5XJDexmWFLWOkjOEjOVX3e,367
20wkVLutqVOYrc0kxFs7rA,357
6LqNN22kT3074XbTVUrhzX,166
6LqNN22kT3074XbTVUrhzX,241
0oSGxfWSnnOXhD2fKuz2Gy,68
0oSGxfWSnnOXhD2fKuz2Gy,306
0oSGxfWSnnOXhD2fKuz2Gy,81
0oSGxfWSnnOXhD2fKuz2Gy,259
0oSGxfWSnnOXhD2fKuz2Gy,254
45dkTj5sMRSjrmBSBeiHym,241
1Mxqyy3pSjf8kZZL4QVxS0,328
1Mxqyy3pSjf8kZZL4QVxS0,309
1Mxqyy3pSjf8kZZL4QVxS0,344
5ZS223C6JyBfXasXxrRqOk,368
3mIj9lX2MWuHmhNCA7LSCW,348
3mIj9lX2MWuHmhNCA7LSCW,277
3mIj9lX2MWuHmhNCA7LSCW,241
3mIj9lX2MWuHmhNCA7LSCW,206
3mIj9lX2MWuHmhNCA7LSCW,254
5me0Irg2ANcsgc93uaYrpb,14
5me0Irg2ANcsgc93uaYrpb,135
5me0Irg2ANcsgc93uaYrpb,41
5me0Irg2ANcsgc93uaYrpb,198
5me0Irg2ANcsgc93uaYrpb,95
3tlXnStJ1fFhdScmQeLpuG,368
3tlXnStJ1fFhdScmQeLpuG,95
12vb80Km0Ew53ABfJOepVz,134
12vb80Km0Ew53ABfJOepVz,362
12vb80Km0Ew53ABfJOepVz,367
7EQ0qTo7fWT7DPxmxtSYEc,15
7EQ0qTo7fWT7DPxmxtSYEc,277
7EQ0qTo7fWT7DPxmxtSYEc,241
6tbjWDEIzxoDsBA1FuhfPW,166
6tbjWDEIzxoDsBA1FuhfPW,241
0ZED1XzwlLHW4ZaG4lOT6m,241
0C0XlULifJtAgn6ZNCW2eu,136
0C0XlULifJtAgn6ZNCW2eu,171
0C0XlULifJtAgn6ZNCW2eu,277
0C0XlULifJtAgn6ZNCW2eu,259
0C0XlULifJtAgn6ZNCW2eu,254
3IYUhFvPQItj6xySrBmZkd,388
3IYUhFvPQItj6xySrBmZkd,306
3IYUhFvPQItj6xySrBmZkd,152
3IYUhFvPQItj6xySrBmZkd,258
3IYUhFvPQItj6xySrBmZkd,254
3IYUhFvPQItj6xySrBmZkd,317
3IYUhFvPQItj6xySrBmZkd,174
0A0FS04o6zMoto8OKPsDwY,193
0A0FS04o6zMoto8OKPsDwY,198
0A0FS04o6zMoto8OKPsDwY,257
0A0FS04o6zMoto8OKPsDwY,95
0A0FS04o6zMoto8OKPsDwY,31
0A0FS04o6zMoto8OKPsDwY,369
2HPaUgqeutzr3jx5a9WyDV,368
2HPaUgqeutzr3jx5a9WyDV,95
2HPaUgqeutzr3jx5a9WyDV,47
1dKdetem2xEmjgvyymzytS,74
1dKdetem2xEmjgvyymzytS,141
1dKdetem2xEmjgvyymzytS,203
1dKdetem2xEmjgvyymzytS,220
6wWVKhxIU2cEi0K81v7HvP,374
6wWVKhxIU2cEi0K81v7HvP,168
6wWVKhxIU2cEi0K81v7HvP,64
6wWVKhxIU2cEi0K81v7HvP,32
6wWVKhxIU2cEi0K81v7HvP,40
4zCH9qm4R2DADamUHMCa6O,234
4zCH9qm4R2DADamUHMCa6O,179
4zCH9qm4R2DADamUHMCa6O,327
37230BxxYs9ksS7OkZw3IU,134
37230BxxYs9ksS7OkZw3IU,297
37230BxxYs9ksS7OkZw3IU,362
37230BxxYs9ksS7OkZw3IU,367
7rkW85dBwwrJtlHRDkJDAC,158
7rkW85dBwwrJtlHRDkJDAC,55
7rkW85dBwwrJtlHRDkJDAC,338
7rkW85dBwwrJtlHRDkJDAC,95
7rkW85dBwwrJtlHRDkJDAC,369
0cGUm45nv7Z6M6qdXYQGTX,241
0cGUm45nv7Z6M6qdXYQGTX,368
0cGUm45nv7Z6M6qdXYQGTX,95
2dIgFjalVxs4ThymZ67YCE,22
2dIgFjalVxs4ThymZ67YCE,8
2dIgFjalVxs4ThymZ67YCE,241
3aQeKQSyrW4qWr35idm0cy,166
3aQeKQSyrW4qWr35idm0cy,135
3aQeKQSyrW4qWr35idm0cy,198
3aQeKQSyrW4qWr35idm0cy,257
3aQeKQSyrW4qWr35idm0cy,368
3aQeKQSyrW4qWr35idm0cy,95
3aQeKQSyrW4qWr35idm0cy,31
3aQeKQSyrW4qWr35idm0cy,369
3aQeKQSyrW4qWr35idm0cy,47
0KPX4Ucy9dk82uj4GpKesn,36
0KPX4Ucy9dk82uj4GpKesn,134
0KPX4Ucy9dk82uj4GpKesn,362
0KPX4Ucy9dk82uj4GpKesn,367
74XFHRwlV6OrjEM0A2NCMF,274
74XFHRwlV6OrjEM0A2NCMF,277
74XFHRwlV6OrjEM0A2NCMF,45
74XFHRwlV6OrjEM0A2NCMF,241
74XFHRwlV6OrjEM0A2NCMF,233
74XFHRwlV6OrjEM0A2NCMF,167
74XFHRwlV6OrjEM0A2NCMF,254
05fG473iIaoy82BF1aGhL8,375
05fG473iIaoy82BF1aGhL8,3
05fG473iIaoy82BF1aGhL8,109
05fG473iIaoy82BF1aGhL8,254
0GM7qgcRCORpGnfcN2tCiB,9
0GM7qgcRCORpGnfcN2tCiB,134
0GM7qgcRCORpGnfcN2tCiB,362
0GM7qgcRCORpGnfcN2tCiB,367
0NGAZxHanS9e0iNHpR8f2W,243
0NGAZxHanS9e0iNHpR8f2W,119
0NGAZxHanS9e0iNHpR8f2W,323
3vQ0GE3mI0dAaxIMYe5g7z,145
3vQ0GE3mI0dAaxIMYe5g7z,329
3vQ0GE3mI0dAaxIMYe5g7z,362
3vQ0GE3mI0dAaxIMYe5g7z,367
58lV9VcRSjABbAbfWS6skp,223
58lV9VcRSjABbAbfWS6skp,254
4Ga1P7PMIsmqEZqhYZQgDo,338
4Ga1P7PMIsmqEZqhYZQgDo,128
4Ga1P7PMIsmqEZqhYZQgDo,95
36QJpDe2go2KgaRleHCDTp,388
36QJpDe2go2KgaRleHCDTp,306
36QJpDe2go2KgaRleHCDTp,201
36QJpDe2go2KgaRleHCDTp,254
487N2T9nIPEHrlTZLL3SQs,12
487N2T9nIPEHrlTZLL3SQs,205
487N2T9nIPEHrlTZLL3SQs,370
487N2T9nIPEHrlTZLL3SQs,110
74KM79TiuVKeVCqs8QtB0B,241
3EiLUeyEcA6fbRPSHkG5kb,134
3EiLUeyEcA6fbRPSHkG5kb,297
3EiLUeyEcA6fbRPSHkG5kb,362
3EiLUeyEcA6fbRPSHkG5kb,367
1DxLCyH42yaHKGK3cl5bvG,38
4NHQUGzhtTLFvgF5SZesLK,166
4NHQUGzhtTLFvgF5SZesLK,15
4NHQUGzhtTLFvgF5SZesLK,241
4NHQUGzhtTLFvgF5SZesLK,325
4NHQUGzhtTLFvgF5SZesLK,154
4NHQUGzhtTLFvgF5SZesLK,298
4wLXwxDeWQ8mtUIRPxGiD6,242
4wLXwxDeWQ8mtUIRPxGiD6,156
4wLXwxDeWQ8mtUIRPxGiD6,283
4wLXwxDeWQ8mtUIRPxGiD6,98
3jK9MiCrA42lLAdMGUZpwa,163
3jK9MiCrA42lLAdMGUZpwa,198
3jK9MiCrA42lLAdMGUZpwa,345
3jK9MiCrA42lLAdMGUZpwa,192
16oZKvXb6WkQlVAjwo2Wbg,392
16oZKvXb6WkQlVAjwo2Wbg,277
16oZKvXb6WkQlVAjwo2Wbg,126
16oZKvXb6WkQlVAjwo2Wbg,122
7gZfnEnfiaHzxARJ2LeXrf,222
6w9ToX5slZ4uIdmD17hJ3c,134
6w9ToX5slZ4uIdmD17hJ3c,297
6w9ToX5slZ4uIdmD17hJ3c,362
6w9ToX5slZ4uIdmD17hJ3c,367
1Ffb6ejR6Fe5IamqA5oRUF,101
1Ffb6ejR6Fe5IamqA5oRUF,164
1Ffb6ejR6Fe5IamqA5oRUF,277
1Ffb6ejR6Fe5IamqA5oRUF,254
1Ffb6ejR6Fe5IamqA5oRUF,303
5CCwRZC6euC8Odo6y9X8jr,166
5CCwRZC6euC8Odo6y9X8jr,241
5CCwRZC6euC8Odo6y9X8jr,278
3tVQdUvClmAT7URs9V3rsp,365
3tVQdUvClmAT7URs9V3rsp,377
3tVQdUvClmAT7URs9V3rsp,4
3tVQdUvClmAT7URs9V3rsp,24
3tVQdUvClmAT7URs9V3rsp,393
25uiPmTg16RbhZWAqwLBy5,138
25uiPmTg16RbhZWAqwLBy5,274
25uiPmTg16RbhZWAqwLBy5,15
25uiPmTg16RbhZWAqwLBy5,241
25uiPmTg16RbhZWAqwLBy5,278
7gOdHgIoIKoe4i9Tta6qdD,330
7gOdHgIoIKoe4i9Tta6qdD,241
0BvkDsjIUla7X0k6CSWh1I,240
0BvkDsjIUla7X0k6CSWh1I,308
0BvkDsjIUla7X0k6CSWh1I,13
0BvkDsjIUla7X0k6CSWh1I,332
4IVAbR2w4JJNJDDRFP3E83,250
4IVAbR2w4JJNJDDRFP3E83,338
4IVAbR2w4JJNJDDRFP3E83,368
4IVAbR2w4JJNJDDRFP3E83,95
4IVAbR2w4JJNJDDRFP3E83,369
0lAWpj5szCSwM4rUMHYmrr,217
0lAWpj5szCSwM4rUMHYmrr,247
1GDbiv3spRmZ1XdM1jQbT7,242
1GDbiv3spRmZ1XdM1jQbT7,76
1GDbiv3spRmZ1XdM1jQbT7,134
1GDbiv3spRmZ1XdM1jQbT7,367
23TFHmajVfBtlRx5MXqgoz,34
23TFHmajVfBtlRx5MXqgoz,247
23TFHmajVfBtlRx5MXqgoz,99
23TFHmajVfBtlRx5MXqgoz,362
1aS5tqEs9ci5P9KD9tZWa6,287
1aS5tqEs9ci5P9KD9tZWa6,352
2DaxqgrOhkeH0fpeiQq2f4,390
2DaxqgrOhkeH0fpeiQq2f4,394
2DaxqgrOhkeH0fpeiQq2f4,169
2DaxqgrOhkeH0fpeiQq2f4,259
2DaxqgrOhkeH0fpeiQq2f4,254
7iZtZyCzp3LItcw1wtPI3D,338
7iZtZyCzp3LItcw1wtPI3D,82
7iZtZyCzp3LItcw1wtPI3D,257
7iZtZyCzp3LItcw1wtPI3D,95
7iZtZyCzp3LItcw1wtPI3D,369
2Z0lRIqr997lIUiPtrpKCr,12
2Z0lRIqr997lIUiPtrpKCr,205
2Z0lRIqr997lIUiPtrpKCr,119
2Z0lRIqr997lIUiPtrpKCr,370
2Z0lRIqr997lIUiPtrpKCr,110
3ipn9JLAPI5GUEo4y4jcoi,250
3ipn9JLAPI5GUEo4y4jcoi,166
3ipn9JLAPI5GUEo4y4jcoi,315
3ipn9JLAPI5GUEo4y4jcoi,198
3ipn9JLAPI5GUEo4y4jcoi,218
3ipn9JLAPI5GUEo4y4jcoi,257
3ipn9JLAPI5GUEo4y4jcoi,95
3ipn9JLAPI5GUEo4y4jcoi,31
3ipn9JLAPI5GUEo4y4jcoi,369
12Chz98pHFMPJEknJQMWvI,136
12Chz98pHFMPJEknJQMWvI,277
12Chz98pHFMPJEknJQMWvI,259
12Chz98pHFMPJEknJQMWvI,254
2DlGxzQSjYe5N6G9nkYghR,166
2DlGxzQSjYe5N6G9nkYghR,241
2DlGxzQSjYe5N6G9nkYghR,47
4OBJLual30L7gRl5UkeRcT,250
4OBJLual30L7gRl5UkeRcT,315
4OBJLual30L7gRl5UkeRcT,135
4OBJLual30L7gRl5UkeRcT,198
4OBJLual30L7gRl5UkeRcT,257
4OBJLual30L7gRl5UkeRcT,95
4OBJLual30L7gRl5UkeRcT,31
4OBJLual30L7gRl5UkeRcT,369
57LYzLEk2LcFghVwuWbcuS,368
57LYzLEk2LcFghVwuWbcuS,95
1Hsdzj7Dlq2I7tHP7501T4,241
7FBcuc1gsnv6Y1nwFtNRCb,246
7FBcuc1gsnv6Y1nwFtNRCb,277
7FBcuc1gsnv6Y1nwFtNRCb,167
7FBcuc1gsnv6Y1nwFtNRCb,206
7FBcuc1gsnv6Y1nwFtNRCb,254
4Uc8Dsxct0oMqx0P6i60ea,113
4Uc8Dsxct0oMqx0P6i60ea,241
4Uc8Dsxct0oMqx0P6i60ea,206
6PXS4YHDkKvl1wkIl4V8DL,210
6PXS4YHDkKvl1wkIl4V8DL,257
6PXS4YHDkKvl1wkIl4V8DL,95
6PXS4YHDkKvl1wkIl4V8DL,31
6PXS4YHDkKvl1wkIl4V8DL,369
4bL2B6hmLlMWnUEZnorEtG,159
4bL2B6hmLlMWnUEZnorEtG,273
4bL2B6hmLlMWnUEZnorEtG,27
4bL2B6hmLlMWnUEZnorEtG,248
4bL2B6hmLlMWnUEZnorEtG,346
3GBPw9NK25X1Wt2OUvOwY3,126
6XkjpgcEsYab502Vr1bBeW,21
6U3ybJ9UHNKEdsH7ktGBZ7,198
6U3ybJ9UHNKEdsH7ktGBZ7,257
6U3ybJ9UHNKEdsH7ktGBZ7,95
6U3ybJ9UHNKEdsH7ktGBZ7,228
4YLtscXsxbVgi031ovDDdh,240
4YLtscXsxbVgi031ovDDdh,227
2uYWxilOVlUdk4oV9DvwqK,359
2uYWxilOVlUdk4oV9DvwqK,206
1qto4hHid1P71emI6Fd8xi,10
1qto4hHid1P71emI6Fd8xi,184
1qto4hHid1P71emI6Fd8xi,266
1qto4hHid1P71emI6Fd8xi,242
1qto4hHid1P71emI6Fd8xi,98
1qto4hHid1P71emI6Fd8xi,367
1moxjboGR7GNWYIMWsRjgG,252
1moxjboGR7GNWYIMWsRjgG,277
1moxjboGR7GNWYIMWsRjgG,126
1moxjboGR7GNWYIMWsRjgG,150
47mIJdHORyRerp4os813jD,384
47mIJdHORyRerp4os813jD,229
6deZN1bslXzeGvOLaLMOIF,375
6deZN1bslXzeGvOLaLMOIF,44
6deZN1bslXzeGvOLaLMOIF,117
57vWImR43h4CaDao012Ofp,292
4yvcSjfu4PC0CYQyLy4wSq,149
4yvcSjfu4PC0CYQyLy4wSq,108
4yvcSjfu4PC0CYQyLy4wSq,277
4yvcSjfu4PC0CYQyLy4wSq,206
4yvcSjfu4PC0CYQyLy4wSq,155
7okwEbXzyT2VffBmyQBWLz,25
7okwEbXzyT2VffBmyQBWLz,242
7okwEbXzyT2VffBmyQBWLz,372
7okwEbXzyT2VffBmyQBWLz,73
7okwEbXzyT2VffBmyQBWLz,146
7okwEbXzyT2VffBmyQBWLz,299
5gCRApTajqwbnHHPbr2Fpi,185
5gCRApTajqwbnHHPbr2Fpi,125
5gCRApTajqwbnHHPbr2Fpi,257
5gCRApTajqwbnHHPbr2Fpi,95
5gCRApTajqwbnHHPbr2Fpi,31
5gCRApTajqwbnHHPbr2Fpi,369
0ErzCpIMyLcjPiwT4elrtZ,125
0ErzCpIMyLcjPiwT4elrtZ,95
0oOet2f43PA68X5RxKobEy,179
0oOet2f43PA68X5RxKobEy,175
4bw2Am3p9ji3mYsXNXtQcd,290
4bw2Am3p9ji3mYsXNXtQcd,242
4bw2Am3p9ji3mYsXNXtQcd,134
4bw2Am3p9ji3mYsXNXtQcd,350
4bw2Am3p9ji3mYsXNXtQcd,362
4bw2Am3p9ji3mYsXNXtQcd,367
6XpaIBNiVzIetEPCWDvAFP,166
6XpaIBNiVzIetEPCWDvAFP,241
07PdYoE4jVRF6Ut40GgVSP,266
07PdYoE4jVRF6Ut40GgVSP,235
6cEuCEZu7PAE9ZSzLLc2oQ,144
6cEuCEZu7PAE9ZSzLLc2oQ,159
6cEuCEZu7PAE9ZSzLLc2oQ,243
6cEuCEZu7PAE9ZSzLLc2oQ,27
6cEuCEZu7PAE9ZSzLLc2oQ,180
6cEuCEZu7PAE9ZSzLLc2oQ,323
0Dvx6p8JDyzeOPGmaCIH1L,287
4ScCswdRlyA23odg9thgIO,166
4ScCswdRlyA23odg9thgIO,241
4ScCswdRlyA23odg9thgIO,278
6HaGTQPmzraVmaVxvz6EUc,22
3eqjTLE0HfPfh78zjh6TqT,263
3eqjTLE0HfPfh78zjh6TqT,258
3eqjTLE0HfPfh78zjh6TqT,259
3eqjTLE0HfPfh78zjh6TqT,254
3eqjTLE0HfPfh78zjh6TqT,28
0pePYDrJGk8gqMRbXrLJC8,342
0pePYDrJGk8gqMRbXrLJC8,132
0pePYDrJGk8gqMRbXrLJC8,203
0pePYDrJGk8gqMRbXrLJC8,142
0pePYDrJGk8gqMRbXrLJC8,220
1l8Fu6IkuTP0U5QetQJ5Xt,26
1l8Fu6IkuTP0U5QetQJ5Xt,241
1l8Fu6IkuTP0U5QetQJ5Xt,324
7guDJrEfX3qb6FEbdPA5qi,87
7guDJrEfX3qb6FEbdPA5qi,52
1gPhS1zisyXr5dHTYZyiMe,322
1gPhS1zisyXr5dHTYZyiMe,257
1gPhS1zisyXr5dHTYZyiMe,95
1gPhS1zisyXr5dHTYZyiMe,31
1gPhS1zisyXr5dHTYZyiMe,369
4AVFqumd2ogHFlRbKIjp1t,166
4AVFqumd2ogHFlRbKIjp1t,159
4AVFqumd2ogHFlRbKIjp1t,241
4AVFqumd2ogHFlRbKIjp1t,27
4AVFqumd2ogHFlRbKIjp1t,180
3wcj11K77LjEY1PkEazffa,365
3wcj11K77LjEY1PkEazffa,42
3wcj11K77LjEY1PkEazffa,72
3wcj11K77LjEY1PkEazffa,24
3wcj11K77LjEY1PkEazffa,393
3hv9jJF3adDNsBSIQDqcjp,17
5IcR3N7QB1j6KBL8eImZ8m,135
5IcR3N7QB1j6KBL8eImZ8m,198
5IcR3N7QB1j6KBL8eImZ8m,257
5IcR3N7QB1j6KBL8eImZ8m,95
5IcR3N7QB1j6KBL8eImZ8m,31
5IcR3N7QB1j6KBL8eImZ8m,369
3MHaV05u0io8fQbZ2XPtlC,10
3MHaV05u0io8fQbZ2XPtlC,266
3MHaV05u0io8fQbZ2XPtlC,242
3MHaV05u0io8fQbZ2XPtlC,367
2qk9voo8llSGYcZ6xrBzKx,277
2qk9voo8llSGYcZ6xrBzKx,254
5p7f24Rk5HkUZsaS3BLG5F,241
3BmGtnKgCSGYIUhmivXKWX,166
3BmGtnKgCSGYIUhmivXKWX,241
3BmGtnKgCSGYIUhmivXKWX,324
77AiFEVeAVj2ORpC85QVJs,159
77AiFEVeAVj2ORpC85QVJs,243
77AiFEVeAVj2ORpC85QVJs,27
0bdfiayQAKewqEvaU6rXCv,166
0bdfiayQAKewqEvaU6rXCv,276
0bdfiayQAKewqEvaU6rXCv,354
0bdfiayQAKewqEvaU6rXCv,27
0p4nmQO2msCgU4IF37Wi3j,194
0p4nmQO2msCgU4IF37Wi3j,274
0p4nmQO2msCgU4IF37Wi3j,166
0p4nmQO2msCgU4IF37Wi3j,241
3gd8FJtBJtkRxdfbTu19U2,39
3gd8FJtBJtkRxdfbTu19U2,277
3gd8FJtBJtkRxdfbTu19U2,126
3gd8FJtBJtkRxdfbTu19U2,122
3gd8FJtBJtkRxdfbTu19U2,58
4fxd5Ee7UefO4CUXgwJ7IP,368
6Q192DXotxtaysaqNPy5yR,183
6Q192DXotxtaysaqNPy5yR,192
6sq1yF0OZEWA4xoXVKW1L9,25
6sq1yF0OZEWA4xoXVKW1L9,242
6sq1yF0OZEWA4xoXVKW1L9,351
6sq1yF0OZEWA4xoXVKW1L9,73
6sq1yF0OZEWA4xoXVKW1L9,141
6sq1yF0OZEWA4xoXVKW1L9,380
10exVja0key0uqUkk6LJRT,392
10exVja0key0uqUkk6LJRT,277
4GvEc3ANtPPjt1ZJllr5Zl,241
2oQX8QiMXOyuqbcZEFsZfm,177
2oQX8QiMXOyuqbcZEFsZfm,16
2oQX8QiMXOyuqbcZEFsZfm,362
2oQX8QiMXOyuqbcZEFsZfm,367
5H1nN1SzW0qNeUEZvuXjAj,56
5H1nN1SzW0qNeUEZvuXjAj,134
5H1nN1SzW0qNeUEZvuXjAj,362
5H1nN1SzW0qNeUEZvuXjAj,367
6zFYqv1mOsgBRQbae3JJ9e,388
6zFYqv1mOsgBRQbae3JJ9e,306
6zFYqv1mOsgBRQbae3JJ9e,258
6zFYqv1mOsgBRQbae3JJ9e,219
6zFYqv1mOsgBRQbae3JJ9e,254
6zFYqv1mOsgBRQbae3JJ9e,28
6zFYqv1mOsgBRQbae3JJ9e,7
59jlthNnbmim5l9tmNA7se,370
59jlthNnbmim5l9tmNA7se,61
59jlthNnbmim5l9tmNA7se,110
5Y5TRrQiqgUO4S36tzjIRZ,166
5Y5TRrQiqgUO4S36tzjIRZ,241
5Y5TRrQiqgUO4S36tzjIRZ,257
3Sz7ZnJQBIHsXLUSo0OQtM,151
3Sz7ZnJQBIHsXLUSo0OQtM,214
3Sz7ZnJQBIHsXLUSo0OQtM,206
3Sz7ZnJQBIHsXLUSo0OQtM,239
7vXDAI8JwjW531ouMGbfcp,242
7vXDAI8JwjW531ouMGbfcp,224
7vXDAI8JwjW531ouMGbfcp,38
7Ey4PD4MYsKc5I2dolUwbH,388
7Ey4PD4MYsKc5I2dolUwbH,306
7Ey4PD4MYsKc5I2dolUwbH,201
7Ey4PD4MYsKc5I2dolUwbH,254
7f5Zgnp2spUuuzKplmRkt7,379
7f5Zgnp2spUuuzKplmRkt7,159
7f5Zgnp2spUuuzKplmRkt7,27
7f5Zgnp2spUuuzKplmRkt7,248
3qiHUAX7zY4Qnjx8TNUzVx,128
3qiHUAX7zY4Qnjx8TNUzVx,341
6nS5roXSAGhTGr34W6n7Et,159
6nS5roXSAGhTGr34W6n7Et,354
6nS5roXSAGhTGr34W6n7Et,281
6nS5roXSAGhTGr34W6n7Et,108
6nS5roXSAGhTGr34W6n7Et,346
3AQRLZ9PuTAozP28Skbq8V,356
3AQRLZ9PuTAozP28Skbq8V,241
3oSJ7TBVCWMDMiYjXNiCKE,230
3oSJ7TBVCWMDMiYjXNiCKE,240
3oSJ7TBVCWMDMiYjXNiCKE,308
3oSJ7TBVCWMDMiYjXNiCKE,13
1Oa0bMld0A3u5OTYfMzp5h,249
1Oa0bMld0A3u5OTYfMzp5h,135
1Oa0bMld0A3u5OTYfMzp5h,41
1Oa0bMld0A3u5OTYfMzp5h,198
1Oa0bMld0A3u5OTYfMzp5h,63
1AL2GKpmRrKXkYIcASuRFa,205
1AL2GKpmRrKXkYIcASuRFa,176
1AL2GKpmRrKXkYIcASuRFa,370
1AL2GKpmRrKXkYIcASuRFa,110
5dHt1vcEm9qb8fCyLcB3HL,198
5dHt1vcEm9qb8fCyLcB3HL,257
5dHt1vcEm9qb8fCyLcB3HL,95
5dHt1vcEm9qb8fCyLcB3HL,31
5dHt1vcEm9qb8fCyLcB3HL,369
5t28BP42x2axFnqOOMg3CM,375
5t28BP42x2axFnqOOMg3CM,187
5t28BP42x2axFnqOOMg3CM,3
00XhexlJEXQstHimpZN910,134
00XhexlJEXQstHimpZN910,362
00XhexlJEXQstHimpZN910,367
2RQXRUsr4IW1f3mKyKsy4B,206
56oDRnqbIiwx4mymNEv7dS,163
56oDRnqbIiwx4mymNEv7dS,209
56oDRnqbIiwx4mymNEv7dS,241
56oDRnqbIiwx4mymNEv7dS,130
4jogXSSvlyMkODGSZ2wc2P,74
4jogXSSvlyMkODGSZ2wc2P,342
4jogXSSvlyMkODGSZ2wc2P,141
4jogXSSvlyMkODGSZ2wc2P,203
4jogXSSvlyMkODGSZ2wc2P,220
2rhFzFmezpnW82MNqEKVry,198
2rhFzFmezpnW82MNqEKVry,60
2rhFzFmezpnW82MNqEKVry,257
2rhFzFmezpnW82MNqEKVry,95
2rhFzFmezpnW82MNqEKVry,369
2rhFzFmezpnW82MNqEKVry,228
7d3WFRME3vBY2cgoP38RDo,338
7pbDxGE6nQSZVfiFdq9lOL,113
5LfGQac0EIXyAN8aUwmNAQ,375
5LfGQac0EIXyAN8aUwmNAQ,259
5LfGQac0EIXyAN8aUwmNAQ,117
5LfGQac0EIXyAN8aUwmNAQ,123
5LfGQac0EIXyAN8aUwmNAQ,254
5LfGQac0EIXyAN8aUwmNAQ,59
5LfGQac0EIXyAN8aUwmNAQ,256
3Y7RZ31TRPVadSFVy1o8os,368
3Y7RZ31TRPVadSFVy1o8os,95
5BcAKTbp20cv7tC5VqPFoC,257
5BcAKTbp20cv7tC5VqPFoC,80
6kACVPfCOnqzgfEF5ryl0x,301
6kACVPfCOnqzgfEF5ryl0x,227
6kACVPfCOnqzgfEF5ryl0x,254
7DMveApC7UnC2NPfPvlHSU,159
7DMveApC7UnC2NPfPvlHSU,241
7DMveApC7UnC2NPfPvlHSU,27
1cNDP5yjU5vjeR8qMf4grg,338
1cNDP5yjU5vjeR8qMf4grg,95
5rSXSAkZ67PYJSvpUpkOr7,330
5rSXSAkZ67PYJSvpUpkOr7,166
5rSXSAkZ67PYJSvpUpkOr7,241
4phGZZrJZRo4ElhRtViYdl,88
4phGZZrJZRo4ElhRtViYdl,166
4phGZZrJZRo4ElhRtViYdl,126
4phGZZrJZRo4ElhRtViYdl,241
5sUrlPAHlS9NEirDB8SEbF,270
5sUrlPAHlS9NEirDB8SEbF,25
5sUrlPAHlS9NEirDB8SEbF,242
5sUrlPAHlS9NEirDB8SEbF,73
4myTppRgh0rojLxx8RycOp,257
64aJYyrXljOodnUG6jvhRD,134
64aJYyrXljOodnUG6jvhRD,297
64aJYyrXljOodnUG6jvhRD,362
64aJYyrXljOodnUG6jvhRD,367
5KKpBU5eC2tJDzf0wmlRp2,84
5KKpBU5eC2tJDzf0wmlRp2,278
0h1zs4CTlU9D2QtgPxptUD,270
0h1zs4CTlU9D2QtgPxptUD,25
0h1zs4CTlU9D2QtgPxptUD,242
0YC192cP3KPCRWx8zr8MfZ,118
0YC192cP3KPCRWx8zr8MfZ,363
0YC192cP3KPCRWx8zr8MfZ,237
4sTQVOfp9vEMCemLw50sbu,166
4sTQVOfp9vEMCemLw50sbu,159
4sTQVOfp9vEMCemLw50sbu,241
4sTQVOfp9vEMCemLw50sbu,27
6x2LnllRG5uGarZMsD4iO8,240
6x2LnllRG5uGarZMsD4iO8,308
6x2LnllRG5uGarZMsD4iO8,13
6x2LnllRG5uGarZMsD4iO8,332
6ASri4ePR7RlsvIQgWPJpS,338
7nqOGRxlXj7N2JYbgNEjYH,22
7nqOGRxlXj7N2JYbgNEjYH,8
0ECwFtbIWEVNwjlrfc6xoL,388
0ECwFtbIWEVNwjlrfc6xoL,306
0ECwFtbIWEVNwjlrfc6xoL,263
0ECwFtbIWEVNwjlrfc6xoL,258
0ECwFtbIWEVNwjlrfc6xoL,254
0ECwFtbIWEVNwjlrfc6xoL,7
0ECwFtbIWEVNwjlrfc6xoL,212
4LEiUm1SRbFMgfqnQTwUbQ,264
4LEiUm1SRbFMgfqnQTwUbQ,245
4LEiUm1SRbFMgfqnQTwUbQ,347
4LEiUm1SRbFMgfqnQTwUbQ,236
4LEiUm1SRbFMgfqnQTwUbQ,277
4WZGDpNwrC0vNQyl9QzF7d,287
6Ip8FS7vWT1uKkJSweANQK,30
0epOFNiUfyON9EYx7Tpr6V,136
0epOFNiUfyON9EYx7Tpr6V,293
0epOFNiUfyON9EYx7Tpr6V,277
0epOFNiUfyON9EYx7Tpr6V,259
0epOFNiUfyON9EYx7Tpr6V,254
2gBjLmx6zQnFGQJCAQpRgw,166
2gBjLmx6zQnFGQJCAQpRgw,135
2gBjLmx6zQnFGQJCAQpRgw,198
2gBjLmx6zQnFGQJCAQpRgw,257
2gBjLmx6zQnFGQJCAQpRgw,95
2gBjLmx6zQnFGQJCAQpRgw,200
2gBjLmx6zQnFGQJCAQpRgw,47
3TOqt5oJwL9BE2NG9MEwDa,375
3TOqt5oJwL9BE2NG9MEwDa,3
3TOqt5oJwL9BE2NG9MEwDa,109
3TOqt5oJwL9BE2NG9MEwDa,254
0UWZUmn7sybxMCqrw9tGa7,290
0UWZUmn7sybxMCqrw9tGa7,242
0UWZUmn7sybxMCqrw9tGa7,73
0UWZUmn7sybxMCqrw9tGa7,299
2jSGzJw0ebJLu7OLVSOcBP,134
2jSGzJw0ebJLu7OLVSOcBP,362
2jSGzJw0ebJLu7OLVSOcBP,367
6ydoSd3N2mwgwBHtF6K7eX,241
5H4yInM5zmHqpKIoMNAx4r,378
5H4yInM5zmHqpKIoMNAx4r,336
2iojnBLj0qIMiKPvVhLnsH,166
2iojnBLj0qIMiKPvVhLnsH,368
2iojnBLj0qIMiKPvVhLnsH,31
2iojnBLj0qIMiKPvVhLnsH,369
2iojnBLj0qIMiKPvVhLnsH,47
4m6ubhNsdwF4psNf3R8kwR,145
4m6ubhNsdwF4psNf3R8kwR,329
4m6ubhNsdwF4psNf3R8kwR,362
4m6ubhNsdwF4psNf3R8kwR,267
4m6ubhNsdwF4psNf3R8kwR,367
1w5Kfo2jwwIPruYS2UWh56,375
1w5Kfo2jwwIPruYS2UWh56,136
1w5Kfo2jwwIPruYS2UWh56,306
1w5Kfo2jwwIPruYS2UWh56,335
1w5Kfo2jwwIPruYS2UWh56,201
1w5Kfo2jwwIPruYS2UWh56,259
1w5Kfo2jwwIPruYS2UWh56,254
2cPqdH7XMvwaBJEVjheH8g,134
2cPqdH7XMvwaBJEVjheH8g,362
2cPqdH7XMvwaBJEVjheH8g,367
3FfvYsEGaIb52QPXhg4DcH,240
3FfvYsEGaIb52QPXhg4DcH,308
3FfvYsEGaIb52QPXhg4DcH,13
3FfvYsEGaIb52QPXhg4DcH,332
3tJoFztHeIJkJWMrx0td2f,125
3tJoFztHeIJkJWMrx0td2f,95
3tJoFztHeIJkJWMrx0td2f,31
3tJoFztHeIJkJWMrx0td2f,360
3tJoFztHeIJkJWMrx0td2f,369
0nmQIMXWTXfhgOBdNzhGOs,375
5IH6FPUwQTxPSXurCrcIov,93
5IH6FPUwQTxPSXurCrcIov,241
5IH6FPUwQTxPSXurCrcIov,206
2xiIXseIJcq3nG7C8fHeBj,375
2xiIXseIJcq3nG7C8fHeBj,127
2xiIXseIJcq3nG7C8fHeBj,44
2xiIXseIJcq3nG7C8fHeBj,3
2xiIXseIJcq3nG7C8fHeBj,117
2xiIXseIJcq3nG7C8fHeBj,254
0XeEobZplHxzM9QzFQWLiR,342
0XeEobZplHxzM9QzFQWLiR,132
0XeEobZplHxzM9QzFQWLiR,142
0XeEobZplHxzM9QzFQWLiR,220
45TgXXqMDdF8BkjA83OM7z,173
0YinUQ50QDB7ZxSCLyQ40k,193
0YinUQ50QDB7ZxSCLyQ40k,257
0YinUQ50QDB7ZxSCLyQ40k,95
0YinUQ50QDB7ZxSCLyQ40k,31
0YinUQ50QDB7ZxSCLyQ40k,369
2T1aUibqR2QC2sINIDQOAK,134
2T1aUibqR2QC2sINIDQOAK,297
2T1aUibqR2QC2sINIDQOAK,362
2T1aUibqR2QC2sINIDQOAK,367
3QSQFmccmX81fWCUSPTS7y,262
3QSQFmccmX81fWCUSPTS7y,241
4lxfqrEsLX6N1N4OCSkILp,66
4lxfqrEsLX6N1N4OCSkILp,7
0SCbttzoZTnLFebDYmAWCm,162
0SCbttzoZTnLFebDYmAWCm,69
3RtNN1VnooWEn3KQk03DUL,134
3RtNN1VnooWEn3KQk03DUL,362
3RtNN1VnooWEn3KQk03DUL,367
5hdhHgpxyniooUiQVaPxQ0,134
5hdhHgpxyniooUiQVaPxQ0,362
5hdhHgpxyniooUiQVaPxQ0,367
1QAJqy2dA3ihHBFIHRphZj,116
1QAJqy2dA3ihHBFIHRphZj,100
1QAJqy2dA3ihHBFIHRphZj,43
1QAJqy2dA3ihHBFIHRphZj,286
2UZIAOlrnyZmyzt1nuXr9y,145
2UZIAOlrnyZmyzt1nuXr9y,275
2UZIAOlrnyZmyzt1nuXr9y,329
2UZIAOlrnyZmyzt1nuXr9y,362
2UZIAOlrnyZmyzt1nuXr9y,367
7FsRH5bw8iWpSbMX1G7xf1,74
7FsRH5bw8iWpSbMX1G7xf1,253
7FsRH5bw8iWpSbMX1G7xf1,141
7FsRH5bw8iWpSbMX1G7xf1,203
7FsRH5bw8iWpSbMX1G7xf1,380
5xYNmNkaWRqu3e5F4UXME8,74
5xYNmNkaWRqu3e5F4UXME8,342
5xYNmNkaWRqu3e5F4UXME8,141
5xYNmNkaWRqu3e5F4UXME8,203
5xYNmNkaWRqu3e5F4UXME8,142
5xYNmNkaWRqu3e5F4UXME8,220
7cYEt1pqMgXJdq00hAwVpT,35
1LZEQNv7sE11VDY3SdxQeN,300
1LZEQNv7sE11VDY3SdxQeN,258
1LZEQNv7sE11VDY3SdxQeN,7
0ZCO8oVkMj897cKgFH7fRW,376
0ZCO8oVkMj897cKgFH7fRW,141
0ZCO8oVkMj897cKgFH7fRW,67
0ZCO8oVkMj897cKgFH7fRW,380
0ZCO8oVkMj897cKgFH7fRW,98
4PPoI9LuYeFX8V674Z1R6l,351
4PPoI9LuYeFX8V674Z1R6l,380
3l0CmX0FuQjFxr8SK7Vqag,113
3l0CmX0FuQjFxr8SK7Vqag,307
3l0CmX0FuQjFxr8SK7Vqag,206
2ysnwxxNtSgbb9t1m2Ur4j,392
2ysnwxxNtSgbb9t1m2Ur4j,333
3Z02hBLubJxuFJfhacLSDc,194
3Z02hBLubJxuFJfhacLSDc,121
3Z02hBLubJxuFJfhacLSDc,97
3Z02hBLubJxuFJfhacLSDc,263
3Z02hBLubJxuFJfhacLSDc,258
3Z02hBLubJxuFJfhacLSDc,7
1pPmIToKXyGdsCF6LmqLmI,250
1pPmIToKXyGdsCF6LmqLmI,338
1pPmIToKXyGdsCF6LmqLmI,143
1pPmIToKXyGdsCF6LmqLmI,95
1pPmIToKXyGdsCF6LmqLmI,369
5NGO30tJxFlKixkPSgXcFE,388
5NGO30tJxFlKixkPSgXcFE,306
5NGO30tJxFlKixkPSgXcFE,259
5NGO30tJxFlKixkPSgXcFE,254
0WwSkZ7LtFUFjGjMZBMt6T,388
0WwSkZ7LtFUFjGjMZBMt6T,306
0WwSkZ7LtFUFjGjMZBMt6T,258
0WwSkZ7LtFUFjGjMZBMt6T,254
5bSfBBCxY8QAk4Pifveisz,74
5bSfBBCxY8QAk4Pifveisz,141
5bSfBBCxY8QAk4Pifveisz,203
3UUJfRbrA2nTbcg4i0MOwu,395
3UUJfRbrA2nTbcg4i0MOwu,316
3wyVrVrFCkukjdVIdirGVY,222
3wyVrVrFCkukjdVIdirGVY,60
3wyVrVrFCkukjdVIdirGVY,257
3wyVrVrFCkukjdVIdirGVY,95
3wyVrVrFCkukjdVIdirGVY,369
4S9EykWXhStSc15wEx8QFK,194
5ndkK3dpZLKtBklKjxNQwT,250
5ndkK3dpZLKtBklKjxNQwT,166
5ndkK3dpZLKtBklKjxNQwT,257
5ndkK3dpZLKtBklKjxNQwT,95
5ndkK3dpZLKtBklKjxNQwT,31
3FUY2gzHeIiaesXtOAdB7A,166
3FUY2gzHeIiaesXtOAdB7A,126
3FUY2gzHeIiaesXtOAdB7A,241
3FUY2gzHeIiaesXtOAdB7A,364
49tQo2QULno7gxHutgccqF,238
49tQo2QULno7gxHutgccqF,366
5M9Bb4adKAgrOFOhc05Y50,25
5M9Bb4adKAgrOFOhc05Y50,242
5M9Bb4adKAgrOFOhc05Y50,340
3CJKkU0XuElRT1z8rEtIYg,90
3CJKkU0XuElRT1z8rEtIYg,287
4EzkuveR9pLvDVFNx6foYD,126
4EzkuveR9pLvDVFNx6foYD,241
4EzkuveR9pLvDVFNx6foYD,278
5Y3MV9DZ0d87NnVm56qSY1,329
5Y3MV9DZ0d87NnVm56qSY1,362
5Y3MV9DZ0d87NnVm56qSY1,367
1mYsTxnqsietFxj1OgoGbG,179
1G9G7WwrXka3Z1r7aIDjI7,250
1G9G7WwrXka3Z1r7aIDjI7,315
1G9G7WwrXka3Z1r7aIDjI7,198
1G9G7WwrXka3Z1r7aIDjI7,218
1G9G7WwrXka3Z1r7aIDjI7,95
1G9G7WwrXka3Z1r7aIDjI7,31
0SwO7SWeDHJijQ3XNS7xEE,136
0SwO7SWeDHJijQ3XNS7xEE,48
0SwO7SWeDHJijQ3XNS7xEE,108
0SwO7SWeDHJijQ3XNS7xEE,277
0SwO7SWeDHJijQ3XNS7xEE,254
6fWVd57NKTalqvmjRd2t8Z,193
6fWVd57NKTalqvmjRd2t8Z,257
4D75GcNG95ebPtNvoNVXhz,133
4D75GcNG95ebPtNvoNVXhz,166
4D75GcNG95ebPtNvoNVXhz,144
4D75GcNG95ebPtNvoNVXhz,159
4D75GcNG95ebPtNvoNVXhz,243
4D75GcNG95ebPtNvoNVXhz,27
4D75GcNG95ebPtNvoNVXhz,180
3NPpFNZtSTHheNBaWC82rB,348
3NPpFNZtSTHheNBaWC82rB,277
3NPpFNZtSTHheNBaWC82rB,231
47MpMsUfWtgyIIBEFOr4FE,134
47MpMsUfWtgyIIBEFOr4FE,297
47MpMsUfWtgyIIBEFOr4FE,362
47MpMsUfWtgyIIBEFOr4FE,367
7slfeZO9LsJbWgpkIoXBUJ,242
7slfeZO9LsJbWgpkIoXBUJ,73
7slfeZO9LsJbWgpkIoXBUJ,371
6nxWCVXbOlEVRexSbLsTer,272
6nxWCVXbOlEVRexSbLsTer,349
6nxWCVXbOlEVRexSbLsTer,160
6nxWCVXbOlEVRexSbLsTer,19
6nxWCVXbOlEVRexSbLsTer,159
6nxWCVXbOlEVRexSbLsTer,108
5CiGnKThu5ctn9pBxv7DGa,241
4aXXDj9aZnlshx7mzj3W1N,395
4aXXDj9aZnlshx7mzj3W1N,316
1mX1TWKpNxDSAH16LgDfiR,25
1mX1TWKpNxDSAH16LgDfiR,242
1mX1TWKpNxDSAH16LgDfiR,73
7z5WFjZAIYejWy0NI5lv4T,240
7z5WFjZAIYejWy0NI5lv4T,308
7z5WFjZAIYejWy0NI5lv4T,13
4EPJlUEBy49EX1wuFOvtjK,27
4EPJlUEBy49EX1wuFOvtjK,353
4EPJlUEBy49EX1wuFOvtjK,346
4EPJlUEBy49EX1wuFOvtjK,278
2NjfBq1NflQcKSeiDooVjY,262
2jw70GZXlAI8QzWeY2bgRc,284
2jw70GZXlAI8QzWeY2bgRc,194
2jw70GZXlAI8QzWeY2bgRc,166
2jw70GZXlAI8QzWeY2bgRc,241
6s22t5Y3prQHyaHWUN1R1C,206
4Q6nIcaBED8qUel8bBx6Cr,166
4Q6nIcaBED8qUel8bBx6Cr,159
4Q6nIcaBED8qUel8bBx6Cr,281
4Q6nIcaBED8qUel8bBx6Cr,27
4Q6nIcaBED8qUel8bBx6Cr,346
4Q6nIcaBED8qUel8bBx6Cr,278
2x8vG4f0HYXzMEo3xNsoiI,221
2x8vG4f0HYXzMEo3xNsoiI,18
2x8vG4f0HYXzMEo3xNsoiI,197
3qvcCP2J0fWi0m0uQDUf6r,205
3qvcCP2J0fWi0m0uQDUf6r,370
3qvcCP2J0fWi0m0uQDUf6r,110
0xRXCcSX89eobfrshSVdyu,159
0xRXCcSX89eobfrshSVdyu,27
0xRXCcSX89eobfrshSVdyu,353
0xRXCcSX89eobfrshSVdyu,346
6Dd3NScHWwnW6obMFbl1BH,93
6Dd3NScHWwnW6obMFbl1BH,241
21WS9wngs9AqFckK7yYJPM,338
21WS9wngs9AqFckK7yYJPM,95
21WS9wngs9AqFckK7yYJPM,369
2UwqpfQtNuhBwviIC0f2ie,373
2UwqpfQtNuhBwviIC0f2ie,112
2UwqpfQtNuhBwviIC0f2ie,313
2UwqpfQtNuhBwviIC0f2ie,6
2UwqpfQtNuhBwviIC0f2ie,204
2UwqpfQtNuhBwviIC0f2ie,186
3yY2gUcIsjMr8hjo51PoJ8,169
3yY2gUcIsjMr8hjo51PoJ8,104
3yY2gUcIsjMr8hjo51PoJ8,259
3yY2gUcIsjMr8hjo51PoJ8,254
3yY2gUcIsjMr8hjo51PoJ8,289
085pc2PYOi8bGKj0PNjekA,166
085pc2PYOi8bGKj0PNjekA,241
7bu3H8JO7d0UbMoVzbo70s,104
7bu3H8JO7d0UbMoVzbo70s,259
7bu3H8JO7d0UbMoVzbo70s,254
7bu3H8JO7d0UbMoVzbo70s,289
0SfsnGyD8FpIN4U4WCkBZ5,144
0SfsnGyD8FpIN4U4WCkBZ5,208
0SfsnGyD8FpIN4U4WCkBZ5,159
0SfsnGyD8FpIN4U4WCkBZ5,27
0SfsnGyD8FpIN4U4WCkBZ5,124
0SfsnGyD8FpIN4U4WCkBZ5,71
2MRBDr0crHWE5JwPceFncq,111
2MRBDr0crHWE5JwPceFncq,242
2MRBDr0crHWE5JwPceFncq,351
2MRBDr0crHWE5JwPceFncq,141
2MRBDr0crHWE5JwPceFncq,380
2txHhyCwHjUEpJjWrEyqyX,294
3RNrq3jvMZxD9ZyoOZbQOD,375
3RNrq3jvMZxD9ZyoOZbQOD,50
3RNrq3jvMZxD9ZyoOZbQOD,201
3RNrq3jvMZxD9ZyoOZbQOD,3
3RNrq3jvMZxD9ZyoOZbQOD,117
3RNrq3jvMZxD9ZyoOZbQOD,109
3RNrq3jvMZxD9ZyoOZbQOD,254
25u4wHJWxCA9vO0CzxAbK7,276
25u4wHJWxCA9vO0CzxAbK7,265
7CvTknweLr9feJtRGrpDBy,195
1WaFQSHVGZQJTbf0BdxdNo,79
7GlBOeep6PqTfFi59PTUUN,307
7GlBOeep6PqTfFi59PTUUN,206
7GlBOeep6PqTfFi59PTUUN,96
22wbnEMDvgVIAGdFeek6ET,170
3y2cIKLjiOlp1Np37WiUdH,257
2x7PC78TmgqpEIjaGAZ0Oz,145
2x7PC78TmgqpEIjaGAZ0Oz,285
2x7PC78TmgqpEIjaGAZ0Oz,329
2x7PC78TmgqpEIjaGAZ0Oz,362
2x7PC78TmgqpEIjaGAZ0Oz,367
5p9HO3XC5P3BLxJs5Mtrhm,206
5p9HO3XC5P3BLxJs5Mtrhm,33
3bO19AOone0ubCsfDXDtYt,170
1fctva4kpRbg2k3v7kwRuS,134
1fctva4kpRbg2k3v7kwRuS,297
1fctva4kpRbg2k3v7kwRuS,362
1fctva4kpRbg2k3v7kwRuS,367
11p2E654TTU8e0nZWBR4AL,170
6ltzsmQQbmdoHHbLZ4ZN25,347
6ltzsmQQbmdoHHbLZ4ZN25,122
1Yj5Xey7kTwvZla8sqdsdE,51
1Yj5Xey7kTwvZla8sqdsdE,362
1Yj5Xey7kTwvZla8sqdsdE,107
1Yj5Xey7kTwvZla8sqdsdE,367
1oSPZhvZMIrWW5I41kPkkY,22
4tuJ0bMpJh08umKkEXKUI5,93
36cgvBn0aadzOijnjjwqMN,334
3l9G1G9MxH6DaRhwLklaf5,342
3l9G1G9MxH6DaRhwLklaf5,220
4qU7IJSReZnsLy5907Mtau,39
027TpXKGwdXP7iwbjUSpV8,85
027TpXKGwdXP7iwbjUSpV8,206
2loEsOijJ6XiGzWYFXMIRk,2
0NIIxcxNHmOoyBx03SfTCD,35
0NIIxcxNHmOoyBx03SfTCD,166
0NIIxcxNHmOoyBx03SfTCD,15
0NIIxcxNHmOoyBx03SfTCD,241
0NIIxcxNHmOoyBx03SfTCD,368
0NIIxcxNHmOoyBx03SfTCD,47
2sil8z5kiy4r76CRTXxBCA,126
2sil8z5kiy4r76CRTXxBCA,259
2sil8z5kiy4r76CRTXxBCA,364
2sil8z5kiy4r76CRTXxBCA,117
2WzaAvm2bBCf4pEhyuDgCY,93
2WzaAvm2bBCf4pEhyuDgCY,357
2WzaAvm2bBCf4pEhyuDgCY,194
2WzaAvm2bBCf4pEhyuDgCY,241
5wCmhq5J2hPwL2r0eKurxn,139
7o95ZoZt5ZYn31e9z1Hc0a,166
7o95ZoZt5ZYn31e9z1Hc0a,241
7o95ZoZt5ZYn31e9z1Hc0a,69
0rvjqX7ttXeg3mTy8Xscbt,388
0rvjqX7ttXeg3mTy8Xscbt,306
0rvjqX7ttXeg3mTy8Xscbt,201
0rvjqX7ttXeg3mTy8Xscbt,258
0rvjqX7ttXeg3mTy8Xscbt,254
0rvjqX7ttXeg3mTy8Xscbt,7
3Me35AWHCGqW4sZ7bWWJt1,142
3JsHnjpbhX4SnySpvpa9DK,37
3JsHnjpbhX4SnySpvpa9DK,318
53A0W3U0s8diEn9RhXQhVz,126
53A0W3U0s8diEn9RhXQhVz,219
53A0W3U0s8diEn9RhXQhVz,364
4bthk9UfsYUYdcFyqxmSUU,91
4bthk9UfsYUYdcFyqxmSUU,104
4bthk9UfsYUYdcFyqxmSUU,358
4bthk9UfsYUYdcFyqxmSUU,259
4bthk9UfsYUYdcFyqxmSUU,254
4bthk9UfsYUYdcFyqxmSUU,20
4bthk9UfsYUYdcFyqxmSUU,216
73jBynjsVtofjRpdpRAJGk,296
73jBynjsVtofjRpdpRAJGk,379
73jBynjsVtofjRpdpRAJGk,133
73jBynjsVtofjRpdpRAJGk,144
73jBynjsVtofjRpdpRAJGk,159
73jBynjsVtofjRpdpRAJGk,243
73jBynjsVtofjRpdpRAJGk,27
73jBynjsVtofjRpdpRAJGk,180
0jPHHnU8GUWEF7rwPE9osY,321
35WVTyRnKAoaGExqgktVyb,131
6DIS6PRrLS3wbnZsf7vYic,171
6DIS6PRrLS3wbnZsf7vYic,348
6DIS6PRrLS3wbnZsf7vYic,277
6DIS6PRrLS3wbnZsf7vYic,126
6DIS6PRrLS3wbnZsf7vYic,364
0Y6dVaC9DZtPNH4591M42W,206
33NVpKoXjItPwUJTMZIOiY,326
33NVpKoXjItPwUJTMZIOiY,170
1zxDewzd2j1ZdSBGaYcr0y,343
6YVMFz59CuY7ngCxTxjpxE,53
0NKDgy9j66h3DLnN8qu1bB,171
0NKDgy9j66h3DLnN8qu1bB,91
0NKDgy9j66h3DLnN8qu1bB,104
0NKDgy9j66h3DLnN8qu1bB,358
0NKDgy9j66h3DLnN8qu1bB,7
0NKDgy9j66h3DLnN8qu1bB,20
0NKDgy9j66h3DLnN8qu1bB,216
3PpjqSKBer3obW6lDflOBx,179
3PpjqSKBer3obW6lDflOBx,175
3y24n3XhZ96wgwRXjvS17T,249
3y24n3XhZ96wgwRXjvS17T,135
3y24n3XhZ96wgwRXjvS17T,198
3y24n3XhZ96wgwRXjvS17T,63
4QQgXkCYTt3BlENzhyNETg,300
4QQgXkCYTt3BlENzhyNETg,89
4QQgXkCYTt3BlENzhyNETg,320
4QQgXkCYTt3BlENzhyNETg,87
4QQgXkCYTt3BlENzhyNETg,52
7gP3bB2nilZXLfPHJhMdvc,108
7gP3bB2nilZXLfPHJhMdvc,348
7gP3bB2nilZXLfPHJhMdvc,277
7gP3bB2nilZXLfPHJhMdvc,254
5y8tKLUfMvliMe8IKamR32,113
5arKwJZEvT5uKq4o0JfqR4,391
5arKwJZEvT5uKq4o0JfqR4,282
7I3bkknknQkIiatWiupQgD,206
6USv9qhCn6zfxlBQIYJ9qs,148
6USv9qhCn6zfxlBQIYJ9qs,206
2sF5nNXnrrsCPZlt8ZpyGd,341
